[2026-08-05 16:42:30,254] INFO - 📤 Outgoing WhatsApp Payload:
{
  "messaging_product": "whatsapp",
  "to": "+918248692839",
  "type": "template",
  "template": {
    "name": "contest_created_template",
    "language": {
      "code": "en"
    },
    "components": [
      {
        "type": "header",
        "parameters": [
          {
            "type": "image",
            "image": {
              "link": "http://localhost:9000/menukitassets/banners/4feff815-d8cd-4e3b-ad0d-c8f633934784.jpg"
            }
          }
        ]
      },
      {
        "type": "body",
        "parameters": [
          {
            "type": "text",
            "text": "Siva Store"
          },
          {
            "type": "text",
            "text": "drawing"
          },
          {
            "type": "text",
            "text": "Special Reward"
          },
          {
            "type": "text",
            "text": "menukit.debuggers.co.in"
          }
        ]
      },
      {
        "type": "button",
        "sub_type": "url",
        "index": "0",
        "parameters": [
          {
            "type": "text",
            "text": "shop/81b1a7cc-8bfe-428b-86dc-dbfe1a2b5fee/contest"
          }
        ]
      }
    ]
  }
}
[2026-08-05 16:42:32,292] INFO - 📥 WhatsApp Meta API Response (200): {"messaging_product":"whatsapp","contacts":[{"input":"+918248692839","wa_id":"918248692839"}],"messages":[{"id":"wamid.HBgMOTE4MjQ4NjkyODM5FQIAERgSODkzNjVFN0NBM0MyODBFMzUyAA==","message_status":"accepted"}]}
[2026-08-05 16:42:32,295] INFO - 📤 Outgoing WhatsApp Payload:
{
  "messaging_product": "whatsapp",
  "to": "+919876543210",
  "type": "template",
  "template": {
    "name": "contest_created_template",
    "language": {
      "code": "en"
    },
    "components": [
      {
        "type": "header",
        "parameters": [
          {
            "type": "image",
            "image": {
              "link": "http://localhost:9000/menukitassets/banners/4feff815-d8cd-4e3b-ad0d-c8f633934784.jpg"
            }
          }
        ]
      },
      {
        "type": "body",
        "parameters": [
          {
            "type": "text",
            "text": "Siva Store"
          },
          {
            "type": "text",
            "text": "drawing"
          },
          {
            "type": "text",
            "text": "Special Reward"
          },
          {
            "type": "text",
            "text": "menukit.debuggers.co.in"
          }
        ]
      },
      {
        "type": "button",
        "sub_type": "url",
        "index": "0",
        "parameters": [
          {
            "type": "text",
            "text": "shop/81b1a7cc-8bfe-428b-86dc-dbfe1a2b5fee/contest"
          }
        ]
      }
    ]
  }
}
[2026-08-05 16:42:33,290] INFO - 📥 WhatsApp Meta API Response (200): {"messaging_product":"whatsapp","contacts":[{"input":"+919876543210","wa_id":"919876543210"}],"messages":[{"id":"wamid.HBgMOTE5ODc2NTQzMjEwFQIAERgSNkIwMDRFQzk2MTQ2OEU5MEI4AA==","message_status":"accepted"}]}
[2026-08-05 16:48:02,228] INFO - 📤 Outgoing WhatsApp Payload:
{
  "messaging_product": "whatsapp",
  "to": "918248692839",
  "type": "template",
  "template": {
    "name": "contest_created_template",
    "language": {
      "code": "en"
    },
    "components": [
      {
        "type": "header",
        "parameters": [
          {
            "type": "image",
            "image": {
              "link": "http://localhost:9000/menukitassets/banners/4feff815-d8cd-4e3b-ad0d-c8f633934784.jpg"
            }
          }
        ]
      },
      {
        "type": "body",
        "parameters": [
          {
            "type": "text",
            "text": "Siva Store"
          },
          {
            "type": "text",
            "text": "drawing"
          },
          {
            "type": "text",
            "text": "Special Reward"
          },
          {
            "type": "text",
            "text": "menukit.debuggers.co.in"
          }
        ]
      },
      {
        "type": "button",
        "sub_type": "url",
        "index": "0",
        "parameters": [
          {
            "type": "text",
            "text": "shop/81b1a7cc-8bfe-428b-86dc-dbfe1a2b5fee/contest"
          }
        ]
      }
    ]
  }
}
[2026-08-05 16:48:03,718] INFO - 📥 WhatsApp Meta API Response (200): {"messaging_product":"whatsapp","contacts":[{"input":"918248692839","wa_id":"918248692839"}],"messages":[{"id":"wamid.HBgMOTE4MjQ4NjkyODM5FQIAERgSNjg5OUI1MkQzQjA4MzgxQ0YyAA==","message_status":"accepted"}]}
[2026-08-05 16:48:03,722] INFO - 📤 Outgoing WhatsApp Payload:
{
  "messaging_product": "whatsapp",
  "to": "919876543210",
  "type": "template",
  "template": {
    "name": "contest_created_template",
    "language": {
      "code": "en"
    },
    "components": [
      {
        "type": "header",
        "parameters": [
          {
            "type": "image",
            "image": {
              "link": "http://localhost:9000/menukitassets/banners/4feff815-d8cd-4e3b-ad0d-c8f633934784.jpg"
            }
          }
        ]
      },
      {
        "type": "body",
        "parameters": [
          {
            "type": "text",
            "text": "Siva Store"
          },
          {
            "type": "text",
            "text": "drawing"
          },
          {
            "type": "text",
            "text": "Special Reward"
          },
          {
            "type": "text",
            "text": "menukit.debuggers.co.in"
          }
        ]
      },
      {
        "type": "button",
        "sub_type": "url",
        "index": "0",
        "parameters": [
          {
            "type": "text",
            "text": "shop/81b1a7cc-8bfe-428b-86dc-dbfe1a2b5fee/contest"
          }
        ]
      }
    ]
  }
}
[2026-08-05 16:48:05,668] INFO - 📥 WhatsApp Meta API Response (200): {"messaging_product":"whatsapp","contacts":[{"input":"919876543210","wa_id":"919876543210"}],"messages":[{"id":"wamid.HBgMOTE5ODc2NTQzMjEwFQIAERgSRjg2NEVEN0U0N0U1MUUyOTY3AA==","message_status":"accepted"}]}
[2026-08-08 10:34:05,846] INFO - 📤 Outgoing WhatsApp Payload:
{
  "messaging_product": "whatsapp",
  "to": "+918248692839",
  "type": "text",
  "text": {
    "preview_url": false,
    "body": "\u2139\ufe0f *CONTEST CANCELLED NOTICE* - *Siva Store*\n\nContest: *hgvggvgvg*\nReason: *Cancelled by manager*\n\n\ud83d\udd04 *Credit Refund*: 1 Contest Credit has been automatically refunded back to your account balance!\nThank you for participating. Check out active contests anytime!"
  }
}
[2026-08-08 10:34:12,062] INFO - 📥 WhatsApp Meta API Response (200): {"messaging_product":"whatsapp","contacts":[{"input":"+918248692839","wa_id":"918248692839"}],"messages":[{"id":"wamid.HBgMOTE4MjQ4NjkyODM5FQIAERgSMzBGNUY0QkRBQzYyRjYzOEI1AA=="}]}
[2026-08-08 10:35:08,110] INFO - 📤 Outgoing WhatsApp Payload:
{
  "messaging_product": "whatsapp",
  "to": "918248692839",
  "type": "template",
  "template": {
    "name": "contest_created_template",
    "language": {
      "code": "en"
    },
    "components": [
      {
        "type": "header",
        "parameters": [
          {
            "type": "image",
            "image": {
              "link": "http://localhost:9000/menukitassets/banners/4feff815-d8cd-4e3b-ad0d-c8f633934784.jpg"
            }
          }
        ]
      },
      {
        "type": "body",
        "parameters": [
          {
            "type": "text",
            "text": "Siva Store"
          },
          {
            "type": "text",
            "text": "drawing"
          },
          {
            "type": "text",
            "text": "20% OFF on All Items"
          },
          {
            "type": "text",
            "text": "localhost:5173"
          }
        ]
      },
      {
        "type": "button",
        "sub_type": "url",
        "index": "0",
        "parameters": [
          {
            "type": "text",
            "text": "shop/81b1a7cc-8bfe-428b-86dc-dbfe1a2b5fee/contest"
          }
        ]
      }
    ]
  }
}
[2026-08-08 10:35:09,969] INFO - 📥 WhatsApp Meta API Response (200): {"messaging_product":"whatsapp","contacts":[{"input":"918248692839","wa_id":"918248692839"}],"messages":[{"id":"wamid.HBgMOTE4MjQ4NjkyODM5FQIAERgSRTlCNDZGNjEyM0FGNUU3MUMxAA==","message_status":"accepted"}]}
[2026-08-08 10:35:10,009] INFO - 📤 Outgoing WhatsApp Payload:
{
  "messaging_product": "whatsapp",
  "to": "919876543210",
  "type": "template",
  "template": {
    "name": "contest_created_template",
    "language": {
      "code": "en"
    },
    "components": [
      {
        "type": "header",
        "parameters": [
          {
            "type": "image",
            "image": {
              "link": "http://localhost:9000/menukitassets/banners/4feff815-d8cd-4e3b-ad0d-c8f633934784.jpg"
            }
          }
        ]
      },
      {
        "type": "body",
        "parameters": [
          {
            "type": "text",
            "text": "Siva Store"
          },
          {
            "type": "text",
            "text": "drawing"
          },
          {
            "type": "text",
            "text": "20% OFF on All Items"
          },
          {
            "type": "text",
            "text": "localhost:5173"
          }
        ]
      },
      {
        "type": "button",
        "sub_type": "url",
        "index": "0",
        "parameters": [
          {
            "type": "text",
            "text": "shop/81b1a7cc-8bfe-428b-86dc-dbfe1a2b5fee/contest"
          }
        ]
      }
    ]
  }
}
[2026-08-08 10:35:11,607] INFO - 📥 WhatsApp Meta API Response (200): {"messaging_product":"whatsapp","contacts":[{"input":"919876543210","wa_id":"919876543210"}],"messages":[{"id":"wamid.HBgMOTE5ODc2NTQzMjEwFQIAERgSRDg2RTIyOTZGNEM2OUI2MTYxAA==","message_status":"accepted"}]}
[2026-08-08 10:38:41,292] INFO - 📤 Outgoing WhatsApp Payload:
{
  "messaging_product": "whatsapp",
  "to": "918248692839",
  "type": "template",
  "template": {
    "name": "contest_created_template",
    "language": {
      "code": "en"
    },
    "components": [
      {
        "type": "header",
        "parameters": [
          {
            "type": "image",
            "image": {
              "link": "http://localhost:9000/menukitassets/banners/4feff815-d8cd-4e3b-ad0d-c8f633934784.jpg"
            }
          }
        ]
      },
      {
        "type": "body",
        "parameters": [
          {
            "type": "text",
            "text": "Siva Store"
          },
          {
            "type": "text",
            "text": "drawing"
          },
          {
            "type": "text",
            "text": "20% OFF on All Items"
          },
          {
            "type": "text",
            "text": "localhost:5173"
          }
        ]
      },
      {
        "type": "button",
        "sub_type": "url",
        "index": "0",
        "parameters": [
          {
            "type": "text",
            "text": "shop/81b1a7cc-8bfe-428b-86dc-dbfe1a2b5fee/contest"
          }
        ]
      }
    ]
  }
}
[2026-08-08 10:38:43,574] INFO - 📥 WhatsApp Meta API Response (200): {"messaging_product":"whatsapp","contacts":[{"input":"918248692839","wa_id":"918248692839"}],"messages":[{"id":"wamid.HBgMOTE4MjQ4NjkyODM5FQIAERgSRjE2QUEyNTJEQUZEMDBCRkFFAA==","message_status":"accepted"}]}
[2026-08-08 13:01:07,630] INFO - 📤 Outgoing WhatsApp Payload:
{
  "messaging_product": "whatsapp",
  "to": "918248692839",
  "type": "template",
  "template": {
    "name": "customer_credid_refund_template",
    "language": {
      "code": "en"
    },
    "components": [
      {
        "type": "body",
        "parameters": [
          {
            "type": "text",
            "text": "Sivarajan"
          },
          {
            "type": "text",
            "text": "titgygygyi"
          },
          {
            "type": "text",
            "text": "Siva Store"
          },
          {
            "type": "text",
            "text": "Cancelled by manager"
          },
          {
            "type": "text",
            "text": "ouyygyugigh"
          },
          {
            "type": "text",
            "text": "20%"
          }
        ]
      }
    ]
  }
}
[2026-08-08 13:01:09,361] INFO - 📥 WhatsApp Meta API Response (404): {"error":{"message":"(#132001) Template name does not exist in the translation","code":132001,"type":"OAuthException","error_data":{"messaging_product":"whatsapp","details":"template name (customer_credid_refund_template) does not exist in en"},"fbtrace_id":"AHctF_a5ENLndTOuzgWMfvV"}}
[2026-08-08 13:01:09,362] ERROR - WhatsApp API Error (404): 404 Client Error: Not Found for url: https://graph.facebook.com/v23.0/1209211872274267/messages | Response: {"error":{"message":"(#132001) Template name does not exist in the translation","code":132001,"type":"OAuthException","error_data":{"messaging_product":"whatsapp","details":"template name (customer_credid_refund_template) does not exist in en"},"fbtrace_id":"AHctF_a5ENLndTOuzgWMfvV"}}
[2026-08-08 13:04:01,786] INFO - 📤 Outgoing WhatsApp Payload:
{
  "messaging_product": "whatsapp",
  "to": "918248692839",
  "type": "template",
  "template": {
    "name": "contest_created_template",
    "language": {
      "code": "en"
    },
    "components": [
      {
        "type": "header",
        "parameters": [
          {
            "type": "image",
            "image": {
              "link": "http://localhost:9000/menukitassets/banners/4feff815-d8cd-4e3b-ad0d-c8f633934784.jpg"
            }
          }
        ]
      },
      {
        "type": "body",
        "parameters": [
          {
            "type": "text",
            "text": "Siva Store"
          },
          {
            "type": "text",
            "text": "Drawing Contest"
          },
          {
            "type": "text",
            "text": "Price Drop: Mutton Biriyani dropped to \u20b9100"
          },
          {
            "type": "text",
            "text": "http://localhost:5173/shop/81b1a7cc-8bfe-428b-86dc-dbfe1a2b5fee/contest"
          }
        ]
      },
      {
        "type": "button",
        "sub_type": "url",
        "index": "0",
        "parameters": [
          {
            "type": "text",
            "text": "http://localhost:5173/shop/81b1a7cc-8bfe-428b-86dc-dbfe1a2b5fee/contest"
          }
        ]
      }
    ]
  }
}
[2026-08-08 13:04:03,567] INFO - 📥 WhatsApp Meta API Response (200): {"messaging_product":"whatsapp","contacts":[{"input":"918248692839","wa_id":"918248692839"}],"messages":[{"id":"wamid.HBgMOTE4MjQ4NjkyODM5FQIAERgSMEI4RkM0QkYyMDQ0Q0M3NjY1AA==","message_status":"accepted"}]}
[2026-08-08 13:04:03,572] INFO - 📤 Outgoing WhatsApp Payload:
{
  "messaging_product": "whatsapp",
  "to": "919677639292",
  "type": "template",
  "template": {
    "name": "contest_created_template",
    "language": {
      "code": "en"
    },
    "components": [
      {
        "type": "header",
        "parameters": [
          {
            "type": "image",
            "image": {
              "link": "http://localhost:9000/menukitassets/banners/4feff815-d8cd-4e3b-ad0d-c8f633934784.jpg"
            }
          }
        ]
      },
      {
        "type": "body",
        "parameters": [
          {
            "type": "text",
            "text": "Siva Store"
          },
          {
            "type": "text",
            "text": "Drawing Contest"
          },
          {
            "type": "text",
            "text": "Price Drop: Mutton Biriyani dropped to \u20b9100"
          },
          {
            "type": "text",
            "text": "http://localhost:5173/shop/81b1a7cc-8bfe-428b-86dc-dbfe1a2b5fee/contest"
          }
        ]
      },
      {
        "type": "button",
        "sub_type": "url",
        "index": "0",
        "parameters": [
          {
            "type": "text",
            "text": "http://localhost:5173/shop/81b1a7cc-8bfe-428b-86dc-dbfe1a2b5fee/contest"
          }
        ]
      }
    ]
  }
}
[2026-08-08 13:04:05,552] INFO - 📥 WhatsApp Meta API Response (200): {"messaging_product":"whatsapp","contacts":[{"input":"919677639292","wa_id":"919677639292"}],"messages":[{"id":"wamid.HBgMOTE5Njc3NjM5MjkyFQIAERgSMjI0MjQyMzAyRDU5NjM1NTZCAA==","message_status":"accepted"}]}
[2026-08-08 13:06:31,165] INFO - 📤 Outgoing WhatsApp Payload:
{
  "messaging_product": "whatsapp",
  "to": "918248692839",
  "type": "template",
  "template": {
    "name": "contest_created_template",
    "language": {
      "code": "en"
    },
    "components": [
      {
        "type": "header",
        "parameters": [
          {
            "type": "image",
            "image": {
              "link": "https://images.unsplash.com/photo-1555396273-367ea4eb4db5?w=800&auto=format&fit=crop"
            }
          }
        ]
      },
      {
        "type": "body",
        "parameters": [
          {
            "type": "text",
            "text": "Siva Store"
          },
          {
            "type": "text",
            "text": "Drawing Contest"
          },
          {
            "type": "text",
            "text": "Price Drop: Mutton Biriyani dropped to \u20b9100"
          },
          {
            "type": "text",
            "text": "http://localhost:5173/shop/81b1a7cc-8bfe-428b-86dc-dbfe1a2b5fee/contest"
          }
        ]
      },
      {
        "type": "button",
        "sub_type": "url",
        "index": "0",
        "parameters": [
          {
            "type": "text",
            "text": "http://localhost:5173/shop/81b1a7cc-8bfe-428b-86dc-dbfe1a2b5fee/contest"
          }
        ]
      }
    ]
  }
}
[2026-08-08 13:06:33,179] INFO - 📥 WhatsApp Meta API Response (200): {"messaging_product":"whatsapp","contacts":[{"input":"918248692839","wa_id":"918248692839"}],"messages":[{"id":"wamid.HBgMOTE4MjQ4NjkyODM5FQIAERgSRDY1RkQ1MTVEQjU4OURGNDNEAA==","message_status":"accepted"}]}
[2026-08-08 13:06:33,183] INFO - 📤 Outgoing WhatsApp Payload:
{
  "messaging_product": "whatsapp",
  "to": "919677639292",
  "type": "template",
  "template": {
    "name": "contest_created_template",
    "language": {
      "code": "en"
    },
    "components": [
      {
        "type": "header",
        "parameters": [
          {
            "type": "image",
            "image": {
              "link": "https://images.unsplash.com/photo-1555396273-367ea4eb4db5?w=800&auto=format&fit=crop"
            }
          }
        ]
      },
      {
        "type": "body",
        "parameters": [
          {
            "type": "text",
            "text": "Siva Store"
          },
          {
            "type": "text",
            "text": "Drawing Contest"
          },
          {
            "type": "text",
            "text": "Price Drop: Mutton Biriyani dropped to \u20b9100"
          },
          {
            "type": "text",
            "text": "http://localhost:5173/shop/81b1a7cc-8bfe-428b-86dc-dbfe1a2b5fee/contest"
          }
        ]
      },
      {
        "type": "button",
        "sub_type": "url",
        "index": "0",
        "parameters": [
          {
            "type": "text",
            "text": "http://localhost:5173/shop/81b1a7cc-8bfe-428b-86dc-dbfe1a2b5fee/contest"
          }
        ]
      }
    ]
  }
}
[2026-08-08 13:06:34,996] INFO - 📥 WhatsApp Meta API Response (200): {"messaging_product":"whatsapp","contacts":[{"input":"919677639292","wa_id":"919677639292"}],"messages":[{"id":"wamid.HBgMOTE5Njc3NjM5MjkyFQIAERgSRDI3N0Y5NDcxRkZENUZEQzAyAA==","message_status":"accepted"}]}
[2026-08-08 13:09:58,907] INFO - 📤 Outgoing WhatsApp Payload:
{
  "messaging_product": "whatsapp",
  "to": "918248692839",
  "type": "template",
  "template": {
    "name": "contest_created_template",
    "language": {
      "code": "en"
    },
    "components": [
      {
        "type": "header",
        "parameters": [
          {
            "type": "image",
            "image": {
              "link": "https://images.unsplash.com/photo-1555396273-367ea4eb4db5?fm=jpg&w=800&q=90"
            }
          }
        ]
      },
      {
        "type": "body",
        "parameters": [
          {
            "type": "text",
            "text": "Siva Store"
          },
          {
            "type": "text",
            "text": "Drawing Contest"
          },
          {
            "type": "text",
            "text": "Price Drop: Mutton Biriyani dropped to \u20b9100"
          },
          {
            "type": "text",
            "text": "http://localhost:5173/shop/81b1a7cc-8bfe-428b-86dc-dbfe1a2b5fee/contest"
          }
        ]
      },
      {
        "type": "button",
        "sub_type": "url",
        "index": "0",
        "parameters": [
          {
            "type": "text",
            "text": "http://localhost:5173/shop/81b1a7cc-8bfe-428b-86dc-dbfe1a2b5fee/contest"
          }
        ]
      }
    ]
  }
}
[2026-08-08 13:10:01,114] INFO - 📥 WhatsApp Meta API Response (200): {"messaging_product":"whatsapp","contacts":[{"input":"918248692839","wa_id":"918248692839"}],"messages":[{"id":"wamid.HBgMOTE4MjQ4NjkyODM5FQIAERgSRkY5RkQ3QTNGNzRCQkI0RTk1AA==","message_status":"accepted"}]}
[2026-08-08 13:10:01,116] INFO - 📤 Outgoing WhatsApp Payload:
{
  "messaging_product": "whatsapp",
  "to": "919677639292",
  "type": "template",
  "template": {
    "name": "contest_created_template",
    "language": {
      "code": "en"
    },
    "components": [
      {
        "type": "header",
        "parameters": [
          {
            "type": "image",
            "image": {
              "link": "https://images.unsplash.com/photo-1555396273-367ea4eb4db5?fm=jpg&w=800&q=90"
            }
          }
        ]
      },
      {
        "type": "body",
        "parameters": [
          {
            "type": "text",
            "text": "Siva Store"
          },
          {
            "type": "text",
            "text": "Drawing Contest"
          },
          {
            "type": "text",
            "text": "Price Drop: Mutton Biriyani dropped to \u20b9100"
          },
          {
            "type": "text",
            "text": "http://localhost:5173/shop/81b1a7cc-8bfe-428b-86dc-dbfe1a2b5fee/contest"
          }
        ]
      },
      {
        "type": "button",
        "sub_type": "url",
        "index": "0",
        "parameters": [
          {
            "type": "text",
            "text": "http://localhost:5173/shop/81b1a7cc-8bfe-428b-86dc-dbfe1a2b5fee/contest"
          }
        ]
      }
    ]
  }
}
[2026-08-08 13:10:03,136] INFO - 📥 WhatsApp Meta API Response (200): {"messaging_product":"whatsapp","contacts":[{"input":"919677639292","wa_id":"919677639292"}],"messages":[{"id":"wamid.HBgMOTE5Njc3NjM5MjkyFQIAERgSNDg0NkNCRjdBRUI1RjQzQTExAA==","message_status":"accepted"}]}
[2026-08-30 11:28:02,209] INFO - 📤 Outgoing WhatsApp Payload:
{
  "messaging_product": "whatsapp",
  "to": "918946029205",
  "type": "template",
  "template": {
    "name": "menukit_order_create",
    "language": {
      "code": "en"
    },
    "components": [
      {
        "type": "body",
        "parameters": [
          {
            "type": "text",
            "text": "Srinivasan"
          },
          {
            "type": "text",
            "text": "Siva Hotel"
          },
          {
            "type": "text",
            "text": "294A4F63"
          },
          {
            "type": "text",
            "text": "\u20b950"
          },
          {
            "type": "text",
            "text": "https://menukit.debuggerstechnologies.com/customer/"
          }
        ]
      }
    ]
  }
}
[2026-08-30 11:28:05,466] INFO - 📥 WhatsApp Meta API Response (404): {"error":{"message":"(#132001) Template name does not exist in the translation","code":132001,"type":"OAuthException","error_data":{"messaging_product":"whatsapp","details":"template name (menukit_order_create) does not exist in en"},"fbtrace_id":"A1K7CBg3n02drTN1egtReAM"}}
[2026-08-30 11:28:05,468] ERROR - WhatsApp API Error (404): 404 Client Error: Not Found for url: https://graph.facebook.com/v23.0/1209211872274267/messages | Response: {"error":{"message":"(#132001) Template name does not exist in the translation","code":132001,"type":"OAuthException","error_data":{"messaging_product":"whatsapp","details":"template name (menukit_order_create) does not exist in en"},"fbtrace_id":"A1K7CBg3n02drTN1egtReAM"}}
[2026-08-30 11:28:34,616] INFO - 📤 Outgoing WhatsApp Payload:
{
  "messaging_product": "whatsapp",
  "to": "918946029205",
  "type": "template",
  "template": {
    "name": "menukit_order_create",
    "language": {
      "code": "en"
    },
    "components": [
      {
        "type": "body",
        "parameters": [
          {
            "type": "text",
            "text": "Srinivasan"
          },
          {
            "type": "text",
            "text": "Siva Hotel"
          },
          {
            "type": "text",
            "text": "294A4F63"
          },
          {
            "type": "text",
            "text": "\u20b950"
          },
          {
            "type": "text",
            "text": "https://menukit.debuggerstechnologies.com/customer/"
          }
        ]
      }
    ]
  }
}
[2026-08-30 11:28:36,978] INFO - 📥 WhatsApp Meta API Response (404): {"error":{"message":"(#132001) Template name does not exist in the translation","code":132001,"type":"OAuthException","error_data":{"messaging_product":"whatsapp","details":"template name (menukit_order_create) does not exist in en"},"fbtrace_id":"AFNht-pGAOIVaDNUWHQdXfg"}}
[2026-08-30 11:28:36,980] ERROR - WhatsApp API Error (404): 404 Client Error: Not Found for url: https://graph.facebook.com/v23.0/1209211872274267/messages | Response: {"error":{"message":"(#132001) Template name does not exist in the translation","code":132001,"type":"OAuthException","error_data":{"messaging_product":"whatsapp","details":"template name (menukit_order_create) does not exist in en"},"fbtrace_id":"AFNht-pGAOIVaDNUWHQdXfg"}}
[2026-08-30 11:33:19,668] INFO - 📤 Outgoing WhatsApp Payload:
{
  "messaging_product": "whatsapp",
  "to": "918946029205",
  "type": "template",
  "template": {
    "name": "menukit_order_create",
    "language": {
      "code": "en"
    },
    "components": [
      {
        "type": "body",
        "parameters": [
          {
            "type": "text",
            "text": "Srinivasan"
          },
          {
            "type": "text",
            "text": "Siva Hotel"
          },
          {
            "type": "text",
            "text": "C6FD33A9"
          },
          {
            "type": "text",
            "text": "\u20b950"
          },
          {
            "type": "text",
            "text": "https://menukit.debuggerstechnologies.com/customer/"
          }
        ]
      }
    ]
  }
}
[2026-08-30 11:33:21,244] INFO - 📥 WhatsApp Meta API Response (404): {"error":{"message":"(#132001) Template name does not exist in the translation","code":132001,"type":"OAuthException","error_data":{"messaging_product":"whatsapp","details":"template name (menukit_order_create) does not exist in en"},"fbtrace_id":"A3gCplXjt8ZpQsdSOfsOpF1"}}
[2026-08-30 11:33:21,246] ERROR - WhatsApp API Error (404): 404 Client Error: Not Found for url: https://graph.facebook.com/v23.0/1209211872274267/messages | Response: {"error":{"message":"(#132001) Template name does not exist in the translation","code":132001,"type":"OAuthException","error_data":{"messaging_product":"whatsapp","details":"template name (menukit_order_create) does not exist in en"},"fbtrace_id":"A3gCplXjt8ZpQsdSOfsOpF1"}}
[2026-08-30 11:39:23,819] INFO - 📤 Outgoing WhatsApp Payload:
{
  "messaging_product": "whatsapp",
  "to": "918248692839",
  "type": "template",
  "template": {
    "name": "menukit_order_created",
    "language": {
      "code": "en"
    },
    "components": [
      {
        "type": "body",
        "parameters": [
          {
            "type": "text",
            "text": "Sivarajan"
          },
          {
            "type": "text",
            "text": "Siva Hotel 2"
          },
          {
            "type": "text",
            "text": "A76A4E53"
          },
          {
            "type": "text",
            "text": "\u20b945"
          },
          {
            "type": "text",
            "text": "https://menukit.debuggerstechnologies.com/customer/"
          }
        ]
      }
    ]
  }
}
[2026-08-30 11:39:26,052] INFO - 📥 WhatsApp Meta API Response (200): {"messaging_product":"whatsapp","contacts":[{"input":"918248692839","wa_id":"918248692839"}],"messages":[{"id":"wamid.HBgMOTE4MjQ4NjkyODM5FQIAERgSMjY5RDAxODQ0Q0EyMjZENUM3AA==","message_status":"accepted"}]}
[2026-08-30 11:48:02,637] INFO - 📤 Outgoing WhatsApp Payload:
{
  "messaging_product": "whatsapp",
  "to": "918248692839",
  "type": "template",
  "template": {
    "name": "menukit_order_created",
    "language": {
      "code": "en"
    },
    "components": [
      {
        "type": "body",
        "parameters": [
          {
            "type": "text",
            "text": "Sivarajan"
          },
          {
            "type": "text",
            "text": "Siva Hotel 2"
          },
          {
            "type": "text",
            "text": "DA19904E"
          },
          {
            "type": "text",
            "text": "\u20b980"
          },
          {
            "type": "text",
            "text": "https://menukit.debuggerstechnologies.com/customer/"
          }
        ]
      }
    ]
  }
}
[2026-08-30 11:48:04,334] INFO - 📥 WhatsApp Meta API Response (200): {"messaging_product":"whatsapp","contacts":[{"input":"918248692839","wa_id":"918248692839"}],"messages":[{"id":"wamid.HBgMOTE4MjQ4NjkyODM5FQIAERgSNzZGMjlBN0JFQTI4NEFCNDc1AA==","message_status":"accepted"}]}
[2026-08-30 11:48:57,273] INFO - 📤 Outgoing WhatsApp Payload:
{
  "messaging_product": "whatsapp",
  "to": "918248692839",
  "type": "template",
  "template": {
    "name": "menukit_order_created",
    "language": {
      "code": "en"
    },
    "components": [
      {
        "type": "body",
        "parameters": [
          {
            "type": "text",
            "text": "Sivarajan"
          },
          {
            "type": "text",
            "text": "Siva Hotel 2"
          },
          {
            "type": "text",
            "text": "DA19904E"
          },
          {
            "type": "text",
            "text": "\u20b980"
          },
          {
            "type": "text",
            "text": "https://menukit.debuggerstechnologies.com/customer/"
          }
        ]
      }
    ]
  }
}
[2026-08-30 11:48:59,965] INFO - 📥 WhatsApp Meta API Response (200): {"messaging_product":"whatsapp","contacts":[{"input":"918248692839","wa_id":"918248692839"}],"messages":[{"id":"wamid.HBgMOTE4MjQ4NjkyODM5FQIAERgSQTI5OTQwRUU0NEE3NDcyRjgyAA==","message_status":"accepted"}]}
[2026-08-30 13:18:43,900] INFO - 📤 Outgoing WhatsApp Payload:
{
  "messaging_product": "whatsapp",
  "to": "918248692839",
  "type": "template",
  "template": {
    "name": "menukit_order_created",
    "language": {
      "code": "en"
    },
    "components": [
      {
        "type": "body",
        "parameters": [
          {
            "type": "text",
            "text": "Sivarajan"
          },
          {
            "type": "text",
            "text": "Siva Hotel 2"
          },
          {
            "type": "text",
            "text": "71211900"
          },
          {
            "type": "text",
            "text": "\u20b9225"
          },
          {
            "type": "text",
            "text": "https://menukit.debuggerstechnologies.com/customer/"
          }
        ]
      }
    ]
  }
}
[2026-08-30 13:18:46,393] INFO - 📥 WhatsApp Meta API Response (200): {"messaging_product":"whatsapp","contacts":[{"input":"918248692839","wa_id":"918248692839"}],"messages":[{"id":"wamid.HBgMOTE4MjQ4NjkyODM5FQIAERgSMDIyOUZFODM1RThBNkJFREJCAA==","message_status":"accepted"}]}
[2026-08-30 13:19:45,146] INFO - 📤 Outgoing WhatsApp Payload:
{
  "messaging_product": "whatsapp",
  "to": "918248692839",
  "type": "template",
  "template": {
    "name": "menukit_order_created",
    "language": {
      "code": "en"
    },
    "components": [
      {
        "type": "body",
        "parameters": [
          {
            "type": "text",
            "text": "Sivarajan"
          },
          {
            "type": "text",
            "text": "Siva Hotel 2"
          },
          {
            "type": "text",
            "text": "71211900"
          },
          {
            "type": "text",
            "text": "\u20b9225"
          },
          {
            "type": "text",
            "text": "https://menukit.debuggerstechnologies.com/customer/"
          }
        ]
      }
    ]
  }
}
[2026-08-30 13:19:47,808] INFO - 📥 WhatsApp Meta API Response (200): {"messaging_product":"whatsapp","contacts":[{"input":"918248692839","wa_id":"918248692839"}],"messages":[{"id":"wamid.HBgMOTE4MjQ4NjkyODM5FQIAERgSQUIzN0IxRDRFRDMxMjhCNzdEAA==","message_status":"accepted"}]}
[2026-08-30 13:21:03,366] INFO - 📤 Outgoing WhatsApp Payload:
{
  "messaging_product": "whatsapp",
  "to": "918248692839",
  "type": "template",
  "template": {
    "name": "menukit_order_created",
    "language": {
      "code": "en"
    },
    "components": [
      {
        "type": "body",
        "parameters": [
          {
            "type": "text",
            "text": "Sivarajan"
          },
          {
            "type": "text",
            "text": "Siva Hotel 2"
          },
          {
            "type": "text",
            "text": "D7F76491"
          },
          {
            "type": "text",
            "text": "\u20b91"
          },
          {
            "type": "text",
            "text": "https://menukit.debuggerstechnologies.com/customer/"
          }
        ]
      }
    ]
  }
}
[2026-08-30 13:21:04,647] INFO - 📤 Outgoing WhatsApp Payload:
{
  "messaging_product": "whatsapp",
  "to": "918248692839",
  "type": "template",
  "template": {
    "name": "menukit_order_created",
    "language": {
      "code": "en"
    },
    "components": [
      {
        "type": "body",
        "parameters": [
          {
            "type": "text",
            "text": "Sivarajan"
          },
          {
            "type": "text",
            "text": "Siva Hotel 2"
          },
          {
            "type": "text",
            "text": "AFB72848"
          },
          {
            "type": "text",
            "text": "\u20b91"
          },
          {
            "type": "text",
            "text": "https://menukit.debuggerstechnologies.com/customer/"
          }
        ]
      }
    ]
  }
}
[2026-08-30 13:21:05,801] INFO - 📥 WhatsApp Meta API Response (200): {"messaging_product":"whatsapp","contacts":[{"input":"918248692839","wa_id":"918248692839"}],"messages":[{"id":"wamid.HBgMOTE4MjQ4NjkyODM5FQIAERgSQ0ZGNDYxMEY3NjhGNDlGMTYyAA==","message_status":"accepted"}]}
[2026-08-30 13:21:06,530] INFO - 📥 WhatsApp Meta API Response (200): {"messaging_product":"whatsapp","contacts":[{"input":"918248692839","wa_id":"918248692839"}],"messages":[{"id":"wamid.HBgMOTE4MjQ4NjkyODM5FQIAERgSNTc0RjZDNDg4Q0M5QzE5QUVCAA==","message_status":"accepted"}]}
[2026-08-30 13:21:29,006] INFO - 📤 Outgoing WhatsApp Payload:
{
  "messaging_product": "whatsapp",
  "to": "918248692839",
  "type": "template",
  "template": {
    "name": "menukit_order_created",
    "language": {
      "code": "en"
    },
    "components": [
      {
        "type": "body",
        "parameters": [
          {
            "type": "text",
            "text": "Sivarajan"
          },
          {
            "type": "text",
            "text": "Siva Hotel 2"
          },
          {
            "type": "text",
            "text": "D7F76491"
          },
          {
            "type": "text",
            "text": "\u20b91"
          },
          {
            "type": "text",
            "text": "https://menukit.debuggerstechnologies.com/customer/"
          }
        ]
      }
    ]
  }
}
[2026-08-30 13:21:30,077] INFO - 📤 Outgoing WhatsApp Payload:
{
  "messaging_product": "whatsapp",
  "to": "918248692839",
  "type": "template",
  "template": {
    "name": "menukit_order_created",
    "language": {
      "code": "en"
    },
    "components": [
      {
        "type": "body",
        "parameters": [
          {
            "type": "text",
            "text": "Sivarajan"
          },
          {
            "type": "text",
            "text": "Siva Hotel 2"
          },
          {
            "type": "text",
            "text": "AFB72848"
          },
          {
            "type": "text",
            "text": "\u20b91"
          },
          {
            "type": "text",
            "text": "https://menukit.debuggerstechnologies.com/customer/"
          }
        ]
      }
    ]
  }
}
[2026-08-30 13:21:31,451] INFO - 📥 WhatsApp Meta API Response (200): {"messaging_product":"whatsapp","contacts":[{"input":"918248692839","wa_id":"918248692839"}],"messages":[{"id":"wamid.HBgMOTE4MjQ4NjkyODM5FQIAERgSNjE5QTFDRjYzMkU1QkFBQjlGAA==","message_status":"accepted"}]}
[2026-08-30 13:21:32,429] INFO - 📥 WhatsApp Meta API Response (200): {"messaging_product":"whatsapp","contacts":[{"input":"918248692839","wa_id":"918248692839"}],"messages":[{"id":"wamid.HBgMOTE4MjQ4NjkyODM5FQIAERgSNzc0Nzg4ODQ5RTQ0NkQ5MjcyAA==","message_status":"accepted"}]}
[2026-08-30 13:25:31,307] INFO - 📤 Outgoing WhatsApp Payload:
{
  "messaging_product": "whatsapp",
  "to": "918248692839",
  "type": "template",
  "template": {
    "name": "menukit_order_created",
    "language": {
      "code": "en"
    },
    "components": [
      {
        "type": "body",
        "parameters": [
          {
            "type": "text",
            "text": "Sivarajan"
          },
          {
            "type": "text",
            "text": "Siva Hotel 2"
          },
          {
            "type": "text",
            "text": "6F5E7EBD"
          },
          {
            "type": "text",
            "text": "\u20b956"
          },
          {
            "type": "text",
            "text": "https://menukit.debuggerstechnologies.com/customer/"
          }
        ]
      }
    ]
  }
}
[2026-08-30 13:25:34,040] INFO - 📥 WhatsApp Meta API Response (200): {"messaging_product":"whatsapp","contacts":[{"input":"918248692839","wa_id":"918248692839"}],"messages":[{"id":"wamid.HBgMOTE4MjQ4NjkyODM5FQIAERgSMDRBQjkzOEM4QUFEQTcxNDUzAA==","message_status":"accepted"}]}
[2026-08-30 13:36:28,249] INFO - 📤 Outgoing WhatsApp Payload:
{
  "messaging_product": "whatsapp",
  "to": "918248692839",
  "type": "template",
  "template": {
    "name": "menukit_order_created",
    "language": {
      "code": "en"
    },
    "components": [
      {
        "type": "body",
        "parameters": [
          {
            "type": "text",
            "text": "Sivarajan"
          },
          {
            "type": "text",
            "text": "Siva Hotel 2"
          },
          {
            "type": "text",
            "text": "6F5E7EBD"
          },
          {
            "type": "text",
            "text": "\u20b956"
          },
          {
            "type": "text",
            "text": "https://menukit.debuggerstechnologies.com/customer/"
          }
        ]
      }
    ]
  }
}
[2026-08-30 13:36:30,403] INFO - 📤 Outgoing WhatsApp Payload:
{
  "messaging_product": "whatsapp",
  "to": "918248692839",
  "type": "template",
  "template": {
    "name": "menukit_order_created",
    "language": {
      "code": "en"
    },
    "components": [
      {
        "type": "body",
        "parameters": [
          {
            "type": "text",
            "text": "Sivarajan"
          },
          {
            "type": "text",
            "text": "Siva Hotel 2"
          },
          {
            "type": "text",
            "text": "A76A4E53"
          },
          {
            "type": "text",
            "text": "\u20b945"
          },
          {
            "type": "text",
            "text": "https://menukit.debuggerstechnologies.com/customer/"
          }
        ]
      }
    ]
  }
}
[2026-08-30 13:36:30,630] INFO - 📥 WhatsApp Meta API Response (200): {"messaging_product":"whatsapp","contacts":[{"input":"918248692839","wa_id":"918248692839"}],"messages":[{"id":"wamid.HBgMOTE4MjQ4NjkyODM5FQIAERgSRUI3ODQzMDRDQTg2N0JGMUNFAA==","message_status":"accepted"}]}
[2026-08-30 13:36:32,387] INFO - 📥 WhatsApp Meta API Response (200): {"messaging_product":"whatsapp","contacts":[{"input":"918248692839","wa_id":"918248692839"}],"messages":[{"id":"wamid.HBgMOTE4MjQ4NjkyODM5FQIAERgSNDVERDUyMzNENzVGNzQwMjczAA==","message_status":"accepted"}]}
[2026-08-30 14:29:03,405] INFO - 📤 Outgoing WhatsApp Payload:
{
  "messaging_product": "whatsapp",
  "to": "918248692839",
  "type": "template",
  "template": {
    "name": "menukit_order_created",
    "language": {
      "code": "en"
    },
    "components": [
      {
        "type": "body",
        "parameters": [
          {
            "type": "text",
            "text": "Sivarajan"
          },
          {
            "type": "text",
            "text": "Siva Hotel 2"
          },
          {
            "type": "text",
            "text": "6DF44F6C"
          },
          {
            "type": "text",
            "text": "\u20b9870"
          },
          {
            "type": "text",
            "text": "https://menukit.debuggerstechnologies.com/customer/"
          }
        ]
      }
    ]
  }
}
[2026-08-30 14:29:06,323] INFO - 📥 WhatsApp Meta API Response (200): {"messaging_product":"whatsapp","contacts":[{"input":"918248692839","wa_id":"918248692839"}],"messages":[{"id":"wamid.HBgMOTE4MjQ4NjkyODM5FQIAERgSRjBEMDVBMTYxODE0MDdFRTAxAA==","message_status":"accepted"}]}
[2026-08-30 14:31:09,394] INFO - 📤 Outgoing WhatsApp Payload:
{
  "messaging_product": "whatsapp",
  "to": "918248692839",
  "type": "template",
  "template": {
    "name": "menukit_order_created",
    "language": {
      "code": "en"
    },
    "components": [
      {
        "type": "body",
        "parameters": [
          {
            "type": "text",
            "text": "Sivarajan"
          },
          {
            "type": "text",
            "text": "Siva Hotel 2"
          },
          {
            "type": "text",
            "text": "DA19904E"
          },
          {
            "type": "text",
            "text": "\u20b980"
          },
          {
            "type": "text",
            "text": "https://menukit.debuggerstechnologies.com/customer/"
          }
        ]
      }
    ]
  }
}
[2026-08-30 14:31:11,888] INFO - 📥 WhatsApp Meta API Response (200): {"messaging_product":"whatsapp","contacts":[{"input":"918248692839","wa_id":"918248692839"}],"messages":[{"id":"wamid.HBgMOTE4MjQ4NjkyODM5FQIAERgSQzkwRTEzNUI4QkM5NDBENDU2AA==","message_status":"accepted"}]}
[2026-08-30 14:48:38,100] INFO - 📤 Outgoing WhatsApp Payload:
{
  "messaging_product": "whatsapp",
  "to": "918248692839",
  "type": "template",
  "template": {
    "name": "menukit_order_created",
    "language": {
      "code": "en"
    },
    "components": [
      {
        "type": "body",
        "parameters": [
          {
            "type": "text",
            "text": "Sivarajan"
          },
          {
            "type": "text",
            "text": "Siva Hotel 2"
          },
          {
            "type": "text",
            "text": "80C96E5B"
          },
          {
            "type": "text",
            "text": "\u20b9260"
          },
          {
            "type": "text",
            "text": "https://menukit.debuggerstechnologies.com/customer/"
          }
        ]
      }
    ]
  }
}
[2026-08-30 14:48:40,339] INFO - 📥 WhatsApp Meta API Response (200): {"messaging_product":"whatsapp","contacts":[{"input":"918248692839","wa_id":"918248692839"}],"messages":[{"id":"wamid.HBgMOTE4MjQ4NjkyODM5FQIAERgSOERGRDE2OUY1QjdCMzgwQzczAA==","message_status":"accepted"}]}
[2026-08-30 14:54:14,479] INFO - 📤 Outgoing WhatsApp Payload:
{
  "messaging_product": "whatsapp",
  "to": "918248692839",
  "type": "template",
  "template": {
    "name": "menukit_order_created",
    "language": {
      "code": "en"
    },
    "components": [
      {
        "type": "body",
        "parameters": [
          {
            "type": "text",
            "text": "Sivarajan"
          },
          {
            "type": "text",
            "text": "Siva Hotel 2"
          },
          {
            "type": "text",
            "text": "972EA99E"
          },
          {
            "type": "text",
            "text": "\u20b9100"
          },
          {
            "type": "text",
            "text": "https://menukit.debuggerstechnologies.com/customer/"
          }
        ]
      }
    ]
  }
}
[2026-08-30 14:54:19,508] INFO - 📥 WhatsApp Meta API Response (200): {"messaging_product":"whatsapp","contacts":[{"input":"918248692839","wa_id":"918248692839"}],"messages":[{"id":"wamid.HBgMOTE4MjQ4NjkyODM5FQIAERgSNDAyNjE1REFCNTAwRjdGNzJCAA==","message_status":"accepted"}]}
[2026-08-30 15:14:30,078] INFO - 📤 Outgoing WhatsApp Payload:
{
  "messaging_product": "whatsapp",
  "to": "918248692839",
  "type": "template",
  "template": {
    "name": "menukit_order_created",
    "language": {
      "code": "en"
    },
    "components": [
      {
        "type": "body",
        "parameters": [
          {
            "type": "text",
            "text": "Sivarajan"
          },
          {
            "type": "text",
            "text": "Siva Hotel 2"
          },
          {
            "type": "text",
            "text": "84992FED"
          },
          {
            "type": "text",
            "text": "\u20b940"
          },
          {
            "type": "text",
            "text": "https://menukit.debuggerstechnologies.com/customer/"
          }
        ]
      }
    ]
  }
}
[2026-08-30 15:14:32,407] INFO - 📥 WhatsApp Meta API Response (200): {"messaging_product":"whatsapp","contacts":[{"input":"918248692839","wa_id":"918248692839"}],"messages":[{"id":"wamid.HBgMOTE4MjQ4NjkyODM5FQIAERgSQzE0RUQzOEMxREFGNzNFNDBEAA==","message_status":"accepted"}]}
[2026-08-30 23:38:23,889] INFO - 📤 Outgoing WhatsApp Payload:
{
  "messaging_product": "whatsapp",
  "to": "918248692839",
  "type": "template",
  "template": {
    "name": "menukit_user_template",
    "language": {
      "code": "en"
    },
    "components": [
      {
        "type": "header",
        "parameters": [
          {
            "type": "image",
            "image": {
              "link": "https://images.unsplash.com/photo-1555396273-367ea4eb4db5?fm=jpg&w=800&q=90"
            }
          }
        ]
      },
      {
        "type": "body",
        "parameters": [
          {
            "type": "text",
            "text": "Valued Customer"
          },
          {
            "type": "text",
            "text": "Siva Hotel 2"
          },
          {
            "type": "text",
            "text": "We are currently providing a special 20% discount on all orders today! Visit our digital store now to claim your offer."
          }
        ]
      },
      {
        "type": "button",
        "sub_type": "url",
        "index": "0",
        "parameters": [
          {
            "type": "text",
            "text": "shop/50ad42ed-b9ff-446b-9f4c-7c15183ca84a"
          }
        ]
      }
    ]
  }
}
[2026-08-30 23:39:05,777] INFO - 📥 WhatsApp Meta API Response (200): {"messaging_product":"whatsapp","contacts":[{"input":"918248692839","wa_id":"918248692839"}],"messages":[{"id":"wamid.HBgMOTE4MjQ4NjkyODM5FQIAERgSMEFFNTk3OTc1OTc5NDA4NTEzAA==","message_status":"accepted"}]}
[2026-08-31 00:05:12,341] INFO - 📤 Outgoing WhatsApp Payload:
{
  "messaging_product": "whatsapp",
  "to": "918248692839",
  "type": "template",
  "template": {
    "name": "menukit_user_template",
    "language": {
      "code": "en"
    },
    "components": [
      {
        "type": "header",
        "parameters": [
          {
            "type": "image",
            "image": {
              "link": "https://images.unsplash.com/photo-1555396273-367ea4eb4db5?fm=jpg&w=800&q=90"
            }
          }
        ]
      },
      {
        "type": "body",
        "parameters": [
          {
            "type": "text",
            "text": "Valued Customer"
          },
          {
            "type": "text",
            "text": "Siva Hotel 2"
          },
          {
            "type": "text",
            "text": "\u0b89\u0b99\u0bcd\u0b95\u0bb3\u0bcd Restaurant-\u0b95\u0bcd\u0b95\u0bc1 \u0ba4\u0bbf\u0ba9\u0bae\u0bc1\u0bae\u0bcd Customers \u0bb5\u0bb0\u0bbe\u0b99\u0bcd\u0b95.\n\n\u0b86\u0ba9\u0bbe \u0b92\u0bb0\u0bc1 \u0baa\u0bc6\u0bb0\u0bbf\u0baf Problem \u0b87\u0bb0\u0bc1\u0b95\u0bcd\u0b95\u0bc1:\n\n\u0b9a\u0bbe\u0baa\u0bcd\u0baa\u0bbf\u0b9f\u0bc1\u0bb1\u0bbe\u0b99\u0bcd\u0b95 \u2192 Bill Pay \u0baa\u0ba3\u0bcd\u0bb1\u0bbe\u0b99\u0bcd\u0b95 \u2192 \u0baa\u0bcb\u0bb1\u0bbe\u0b99\u0bcd\u0b95 \u2192 \u0b85\u0baa\u0bcd\u0baa\u0b9f\u0bbf\u0baf\u0bc7 \u0bae\u0bb1\u0ba8\u0bcd\u0ba4\u0bc1\u0b9f\u0bc1\u0bb1\u0bbe\u0b99\u0bcd\u0b95. \ud83d\udc7b\n\n\u0b85\u0ba8\u0bcd\u0ba4 Customers-\u0b90 \u0b89\u0b99\u0bcd\u0b95\u0bb3\u0bcd Restaurant-\u0b95\u0bcd\u0b95\u0bc1 \u0ba4\u0bbf\u0bb0\u0bc1\u0bae\u0bcd\u0baa\u0bb5\u0bc1\u0bae\u0bcd \u0bb5\u0bb0 \u0bb5\u0bc8\u0b95\u0bcd\u0b95 \u0bae\u0bc1\u0b9f\u0bbf\u0b9e\u0bcd\u0b9a\u0bbe? \ud83d\udd25\n\n\u0b85\u0ba4\u0bc1\u0b95\u0bcd\u0b95\u0bbe\u0b95\u0ba4\u0bcd\u0ba4\u0bbe\u0ba9\u0bcd MenuKit \ud83d\ude80\n\n\u0b87\u0ba4\u0bc1 \u0bb5\u0bc6\u0bb1\u0bc1\u0bae\u0bcd Digital Menu \u0bae\u0b9f\u0bcd\u0b9f\u0bc1\u0bae\u0bcd \u0b95\u0bbf\u0b9f\u0bc8\u0baf\u0bbe\u0ba4\u0bc1.\n\n\u0b89\u0b99\u0bcd\u0b95\u0bb3\u0bcd Restaurant-\u0b95\u0bcd\u0b95\u0bbe\u0ba9 Customer Management Platform.\n\n\ud83d\udcf1 Digital Menu\n\ud83d\udc64 Customer Details\n\ud83c\udfaf Offers & Promotions\n\ud83d\udd01 \u0baa\u0bb4\u0bc8\u0baf Customers-\u0b90 \u0bae\u0bc0\u0ba3\u0bcd\u0b9f\u0bc1\u0bae\u0bcd \u0b95\u0bca\u0ba3\u0bcd\u0b9f\u0bc1 \u0bb5\u0bb0\u0bc1\u0ba4\u0bb2\u0bcd\n\ud83d\udcca Customer Insights\n\u26a1 Menu-\u0bb5\u0bc8 \u0b89\u0b9f\u0ba9\u0bc1\u0b95\u0bcd\u0b95\u0bc1\u0b9f\u0ba9\u0bcd Update \u0b9a\u0bc6\u0baf\u0bcd\u0baf\u0bb2\u0bbe\u0bae\u0bcd\n\n\u0b92\u0bb0\u0bc1\u0bae\u0bc1\u0bb1\u0bc8 \u0bb5\u0ba8\u0bcd\u0ba4 Customer-\u0b90 \u0bae\u0bc0\u0ba3\u0bcd\u0b9f\u0bc1\u0bae\u0bcd \u0bae\u0bc0\u0ba3\u0bcd\u0b9f\u0bc1\u0bae\u0bcd \u0bb5\u0bb0\u0b95\u0bcd\u0b95\u0bc2\u0b9f\u0bbf\u0baf Customer-\u0b86 \u0bae\u0bbe\u0bb1\u0bcd\u0bb1\u0bc1\u0b99\u0bcd\u0b95\u0bb3\u0bcd. \u2764\ufe0f\n\n\u0ba8\u0bbe\u0b99\u0bcd\u0b95\u0bb3\u0bcd \u0ba4\u0bb1\u0bcd\u0baa\u0bcb\u0ba4\u0bc1 Restaurants-\u0b90 MenuKit-\u0bb2\u0bcd onboard \u0b9a\u0bc6\u0baf\u0bcd\u0ba4\u0bc1 \u0bb5\u0bb0\u0bc1\u0b95\u0bbf\u0bb1\u0bcb\u0bae\u0bcd.\n\n\u0b89\u0b99\u0bcd\u0b95\u0bb3\u0bcd Restaurant-\u0b95\u0bcd\u0b95\u0bc1 \u0b92\u0bb0\u0bc1 Quick Demo \u0b95\u0bbe\u0b9f\u0bcd\u0b9f\u0b9f\u0bcd\u0b9f\u0bc1\u0bae\u0bbe? \ud83d\udc40\n\nInterested? \ud83d\udd25"
          }
        ]
      },
      {
        "type": "button",
        "sub_type": "url",
        "index": "0",
        "parameters": [
          {
            "type": "text",
            "text": "shop/50ad42ed-b9ff-446b-9f4c-7c15183ca84a"
          }
        ]
      }
    ]
  }
}
[2026-08-31 00:05:14,919] INFO - 📥 WhatsApp Meta API Response (400): {"error":{"message":"(#132018) There’s an issue with the parameters in your template","code":132018,"type":"OAuthException","error_data":{"messaging_product":"whatsapp","details":"Param text cannot have new-line/tab characters or more than 4 consecutive spaces"},"fbtrace_id":"AekylWdT5CmUXGKmFNOfo2-"}}
[2026-08-31 00:05:14,920] ERROR - WhatsApp API Error (400): 400 Client Error: Bad Request for url: https://graph.facebook.com/v23.0/1209211872274267/messages | Response: {"error":{"message":"(#132018) There’s an issue with the parameters in your template","code":132018,"type":"OAuthException","error_data":{"messaging_product":"whatsapp","details":"Param text cannot have new-line/tab characters or more than 4 consecutive spaces"},"fbtrace_id":"AekylWdT5CmUXGKmFNOfo2-"}}
[2026-08-31 00:05:14,926] INFO - 📤 Outgoing WhatsApp Payload:
{
  "messaging_product": "whatsapp",
  "to": "918248692839",
  "type": "template",
  "template": {
    "name": "menukit_user_template",
    "language": {
      "code": "en"
    },
    "components": [
      {
        "type": "header",
        "parameters": [
          {
            "type": "image",
            "image": {
              "link": "https://images.unsplash.com/photo-1555396273-367ea4eb4db5?fm=jpg&w=800&q=90"
            }
          }
        ]
      },
      {
        "type": "body",
        "parameters": [
          {
            "type": "text",
            "text": "Valued Customer"
          },
          {
            "type": "text",
            "text": "Siva Hotel 2"
          },
          {
            "type": "text",
            "text": "\u0b89\u0b99\u0bcd\u0b95\u0bb3\u0bcd Restaurant-\u0b95\u0bcd\u0b95\u0bc1 \u0ba4\u0bbf\u0ba9\u0bae\u0bc1\u0bae\u0bcd Customers \u0bb5\u0bb0\u0bbe\u0b99\u0bcd\u0b95.\n\n\u0b86\u0ba9\u0bbe \u0b92\u0bb0\u0bc1 \u0baa\u0bc6\u0bb0\u0bbf\u0baf Problem \u0b87\u0bb0\u0bc1\u0b95\u0bcd\u0b95\u0bc1:\n\n\u0b9a\u0bbe\u0baa\u0bcd\u0baa\u0bbf\u0b9f\u0bc1\u0bb1\u0bbe\u0b99\u0bcd\u0b95 \u2192 Bill Pay \u0baa\u0ba3\u0bcd\u0bb1\u0bbe\u0b99\u0bcd\u0b95 \u2192 \u0baa\u0bcb\u0bb1\u0bbe\u0b99\u0bcd\u0b95 \u2192 \u0b85\u0baa\u0bcd\u0baa\u0b9f\u0bbf\u0baf\u0bc7 \u0bae\u0bb1\u0ba8\u0bcd\u0ba4\u0bc1\u0b9f\u0bc1\u0bb1\u0bbe\u0b99\u0bcd\u0b95. \ud83d\udc7b\n\n\u0b85\u0ba8\u0bcd\u0ba4 Customers-\u0b90 \u0b89\u0b99\u0bcd\u0b95\u0bb3\u0bcd Restaurant-\u0b95\u0bcd\u0b95\u0bc1 \u0ba4\u0bbf\u0bb0\u0bc1\u0bae\u0bcd\u0baa\u0bb5\u0bc1\u0bae\u0bcd \u0bb5\u0bb0 \u0bb5\u0bc8\u0b95\u0bcd\u0b95 \u0bae\u0bc1\u0b9f\u0bbf\u0b9e\u0bcd\u0b9a\u0bbe? \ud83d\udd25\n\n\u0b85\u0ba4\u0bc1\u0b95\u0bcd\u0b95\u0bbe\u0b95\u0ba4\u0bcd\u0ba4\u0bbe\u0ba9\u0bcd MenuKit \ud83d\ude80\n\n\u0b87\u0ba4\u0bc1 \u0bb5\u0bc6\u0bb1\u0bc1\u0bae\u0bcd Digital Menu \u0bae\u0b9f\u0bcd\u0b9f\u0bc1\u0bae\u0bcd \u0b95\u0bbf\u0b9f\u0bc8\u0baf\u0bbe\u0ba4\u0bc1.\n\n\u0b89\u0b99\u0bcd\u0b95\u0bb3\u0bcd Restaurant-\u0b95\u0bcd\u0b95\u0bbe\u0ba9 Customer Management Platform.\n\n\ud83d\udcf1 Digital Menu\n\ud83d\udc64 Customer Details\n\ud83c\udfaf Offers & Promotions\n\ud83d\udd01 \u0baa\u0bb4\u0bc8\u0baf Customers-\u0b90 \u0bae\u0bc0\u0ba3\u0bcd\u0b9f\u0bc1\u0bae\u0bcd \u0b95\u0bca\u0ba3\u0bcd\u0b9f\u0bc1 \u0bb5\u0bb0\u0bc1\u0ba4\u0bb2\u0bcd\n\ud83d\udcca Customer Insights\n\u26a1 Menu-\u0bb5\u0bc8 \u0b89\u0b9f\u0ba9\u0bc1\u0b95\u0bcd\u0b95\u0bc1\u0b9f\u0ba9\u0bcd Update \u0b9a\u0bc6\u0baf\u0bcd\u0baf\u0bb2\u0bbe\u0bae\u0bcd\n\n\u0b92\u0bb0\u0bc1\u0bae\u0bc1\u0bb1\u0bc8 \u0bb5\u0ba8\u0bcd\u0ba4 Customer-\u0b90 \u0bae\u0bc0\u0ba3\u0bcd\u0b9f\u0bc1\u0bae\u0bcd \u0bae\u0bc0\u0ba3\u0bcd\u0b9f\u0bc1\u0bae\u0bcd \u0bb5\u0bb0\u0b95\u0bcd\u0b95\u0bc2\u0b9f\u0bbf\u0baf Customer-\u0b86 \u0bae\u0bbe\u0bb1\u0bcd\u0bb1\u0bc1\u0b99\u0bcd\u0b95\u0bb3\u0bcd. \u2764\ufe0f\n\n\u0ba8\u0bbe\u0b99\u0bcd\u0b95\u0bb3\u0bcd \u0ba4\u0bb1\u0bcd\u0baa\u0bcb\u0ba4\u0bc1 Restaurants-\u0b90 MenuKit-\u0bb2\u0bcd onboard \u0b9a\u0bc6\u0baf\u0bcd\u0ba4\u0bc1 \u0bb5\u0bb0\u0bc1\u0b95\u0bbf\u0bb1\u0bcb\u0bae\u0bcd.\n\n\u0b89\u0b99\u0bcd\u0b95\u0bb3\u0bcd Restaurant-\u0b95\u0bcd\u0b95\u0bc1 \u0b92\u0bb0\u0bc1 Quick Demo \u0b95\u0bbe\u0b9f\u0bcd\u0b9f\u0b9f\u0bcd\u0b9f\u0bc1\u0bae\u0bbe? \ud83d\udc40\n\nInterested? \ud83d\udd25"
          }
        ]
      }
    ]
  }
}
[2026-08-31 00:05:17,281] INFO - 📥 WhatsApp Meta API Response (400): {"error":{"message":"(#132018) There’s an issue with the parameters in your template","code":132018,"type":"OAuthException","error_data":{"messaging_product":"whatsapp","details":"Param text cannot have new-line/tab characters or more than 4 consecutive spaces"},"fbtrace_id":"Awq5PJ2TSujAghrCQkQLgrc"}}
[2026-08-31 00:05:17,283] ERROR - WhatsApp API Error (400): 400 Client Error: Bad Request for url: https://graph.facebook.com/v23.0/1209211872274267/messages | Response: {"error":{"message":"(#132018) There’s an issue with the parameters in your template","code":132018,"type":"OAuthException","error_data":{"messaging_product":"whatsapp","details":"Param text cannot have new-line/tab characters or more than 4 consecutive spaces"},"fbtrace_id":"Awq5PJ2TSujAghrCQkQLgrc"}}
[2026-08-31 00:05:44,892] INFO - 📤 Outgoing WhatsApp Payload:
{
  "messaging_product": "whatsapp",
  "to": "918248692839",
  "type": "template",
  "template": {
    "name": "menukit_user_template",
    "language": {
      "code": "en"
    },
    "components": [
      {
        "type": "header",
        "parameters": [
          {
            "type": "image",
            "image": {
              "link": "https://images.unsplash.com/photo-1555396273-367ea4eb4db5?fm=jpg&w=800&q=90"
            }
          }
        ]
      },
      {
        "type": "body",
        "parameters": [
          {
            "type": "text",
            "text": "Valued Customer"
          },
          {
            "type": "text",
            "text": "Siva Hotel 2"
          },
          {
            "type": "text",
            "text": "\u0b89\u0b99\u0bcd\u0b95\u0bb3\u0bcd Restaurant-\u0b95\u0bcd\u0b95\u0bc1 \u0ba4\u0bbf\u0ba9\u0bae\u0bc1\u0bae\u0bcd Customers \u0bb5\u0bb0\u0bbe\u0b99\u0bcd\u0b95.\n\n\u0b86\u0ba9\u0bbe \u0b92\u0bb0\u0bc1 \u0baa\u0bc6\u0bb0\u0bbf\u0baf Problem \u0b87\u0bb0\u0bc1\u0b95\u0bcd\u0b95\u0bc1:\n\n\u0b9a\u0bbe\u0baa\u0bcd\u0baa\u0bbf\u0b9f\u0bc1\u0bb1\u0bbe\u0b99\u0bcd\u0b95 \u2192 Bill Pay \u0baa\u0ba3\u0bcd\u0bb1\u0bbe\u0b99\u0bcd\u0b95 \u2192 \u0baa\u0bcb\u0bb1\u0bbe\u0b99\u0bcd\u0b95 \u2192 \u0b85\u0baa\u0bcd\u0baa\u0b9f\u0bbf\u0baf\u0bc7 \u0bae\u0bb1\u0ba8\u0bcd\u0ba4\u0bc1\u0b9f\u0bc1\u0bb1\u0bbe\u0b99\u0bcd\u0b95. \ud83d\udc7b\n\n\u0b85\u0ba8\u0bcd\u0ba4 Customers-\u0b90 \u0b89\u0b99\u0bcd\u0b95\u0bb3\u0bcd Restaurant-\u0b95\u0bcd\u0b95\u0bc1 \u0ba4\u0bbf\u0bb0\u0bc1\u0bae\u0bcd\u0baa\u0bb5\u0bc1\u0bae\u0bcd \u0bb5\u0bb0 \u0bb5\u0bc8\u0b95\u0bcd\u0b95 \u0bae\u0bc1\u0b9f\u0bbf\u0b9e\u0bcd\u0b9a\u0bbe? \ud83d\udd25\n\n\u0b85\u0ba4\u0bc1\u0b95\u0bcd\u0b95\u0bbe\u0b95\u0ba4\u0bcd\u0ba4\u0bbe\u0ba9\u0bcd MenuKit \ud83d\ude80\n\n\u0b87\u0ba4\u0bc1 \u0bb5\u0bc6\u0bb1\u0bc1\u0bae\u0bcd Digital Menu \u0bae\u0b9f\u0bcd\u0b9f\u0bc1\u0bae\u0bcd \u0b95\u0bbf\u0b9f\u0bc8\u0baf\u0bbe\u0ba4\u0bc1.\n\n\u0b89\u0b99\u0bcd\u0b95\u0bb3\u0bcd Restaurant-\u0b95\u0bcd\u0b95\u0bbe\u0ba9 Customer Management Platform.\n\n\ud83d\udcf1 Digital Menu\n\ud83d\udc64 Customer Details\n\ud83c\udfaf Offers & Promotions\n\ud83d\udd01 \u0baa\u0bb4\u0bc8\u0baf Customers-\u0b90 \u0bae\u0bc0\u0ba3\u0bcd\u0b9f\u0bc1\u0bae\u0bcd \u0b95\u0bca\u0ba3\u0bcd\u0b9f\u0bc1 \u0bb5\u0bb0\u0bc1\u0ba4\u0bb2\u0bcd\n\ud83d\udcca Customer Insights\n\u26a1 Menu-\u0bb5\u0bc8 \u0b89\u0b9f\u0ba9\u0bc1\u0b95\u0bcd\u0b95\u0bc1\u0b9f\u0ba9\u0bcd Update \u0b9a\u0bc6\u0baf\u0bcd\u0baf\u0bb2\u0bbe\u0bae\u0bcd\n\n\u0b92\u0bb0\u0bc1\u0bae\u0bc1\u0bb1\u0bc8 \u0bb5\u0ba8\u0bcd\u0ba4 Customer-\u0b90 \u0bae\u0bc0\u0ba3\u0bcd\u0b9f\u0bc1\u0bae\u0bcd \u0bae\u0bc0\u0ba3\u0bcd\u0b9f\u0bc1\u0bae\u0bcd \u0bb5\u0bb0\u0b95\u0bcd\u0b95\u0bc2\u0b9f\u0bbf\u0baf Customer-\u0b86 \u0bae\u0bbe\u0bb1\u0bcd\u0bb1\u0bc1\u0b99\u0bcd\u0b95\u0bb3\u0bcd. \u2764\ufe0f\n\n\u0ba8\u0bbe\u0b99\u0bcd\u0b95\u0bb3\u0bcd \u0ba4\u0bb1\u0bcd\u0baa\u0bcb\u0ba4\u0bc1 Restaurants-\u0b90 MenuKit-\u0bb2\u0bcd onboard \u0b9a\u0bc6\u0baf\u0bcd\u0ba4\u0bc1 \u0bb5\u0bb0\u0bc1\u0b95\u0bbf\u0bb1\u0bcb\u0bae\u0bcd.\n\n\u0b89\u0b99\u0bcd\u0b95\u0bb3\u0bcd Restaurant-\u0b95\u0bcd\u0b95\u0bc1 \u0b92\u0bb0\u0bc1 Quick Demo \u0b95\u0bbe\u0b9f\u0bcd\u0b9f\u0b9f\u0bcd\u0b9f\u0bc1\u0bae\u0bbe? \ud83d\udc40\n\nInterested? \ud83d\udd25"
          }
        ]
      },
      {
        "type": "button",
        "sub_type": "url",
        "index": "0",
        "parameters": [
          {
            "type": "text",
            "text": "shop/50ad42ed-b9ff-446b-9f4c-7c15183ca84a"
          }
        ]
      }
    ]
  }
}
[2026-08-31 00:05:46,753] INFO - 📥 WhatsApp Meta API Response (400): {"error":{"message":"(#132018) There’s an issue with the parameters in your template","code":132018,"type":"OAuthException","error_data":{"messaging_product":"whatsapp","details":"Param text cannot have new-line/tab characters or more than 4 consecutive spaces"},"fbtrace_id":"Ahh7drT8oZFGRj_jnahFnfV"}}
[2026-08-31 00:05:46,754] ERROR - WhatsApp API Error (400): 400 Client Error: Bad Request for url: https://graph.facebook.com/v23.0/1209211872274267/messages | Response: {"error":{"message":"(#132018) There’s an issue with the parameters in your template","code":132018,"type":"OAuthException","error_data":{"messaging_product":"whatsapp","details":"Param text cannot have new-line/tab characters or more than 4 consecutive spaces"},"fbtrace_id":"Ahh7drT8oZFGRj_jnahFnfV"}}
[2026-08-31 00:05:46,756] INFO - 📤 Outgoing WhatsApp Payload:
{
  "messaging_product": "whatsapp",
  "to": "918248692839",
  "type": "template",
  "template": {
    "name": "menukit_user_template",
    "language": {
      "code": "en"
    },
    "components": [
      {
        "type": "header",
        "parameters": [
          {
            "type": "image",
            "image": {
              "link": "https://images.unsplash.com/photo-1555396273-367ea4eb4db5?fm=jpg&w=800&q=90"
            }
          }
        ]
      },
      {
        "type": "body",
        "parameters": [
          {
            "type": "text",
            "text": "Valued Customer"
          },
          {
            "type": "text",
            "text": "Siva Hotel 2"
          },
          {
            "type": "text",
            "text": "\u0b89\u0b99\u0bcd\u0b95\u0bb3\u0bcd Restaurant-\u0b95\u0bcd\u0b95\u0bc1 \u0ba4\u0bbf\u0ba9\u0bae\u0bc1\u0bae\u0bcd Customers \u0bb5\u0bb0\u0bbe\u0b99\u0bcd\u0b95.\n\n\u0b86\u0ba9\u0bbe \u0b92\u0bb0\u0bc1 \u0baa\u0bc6\u0bb0\u0bbf\u0baf Problem \u0b87\u0bb0\u0bc1\u0b95\u0bcd\u0b95\u0bc1:\n\n\u0b9a\u0bbe\u0baa\u0bcd\u0baa\u0bbf\u0b9f\u0bc1\u0bb1\u0bbe\u0b99\u0bcd\u0b95 \u2192 Bill Pay \u0baa\u0ba3\u0bcd\u0bb1\u0bbe\u0b99\u0bcd\u0b95 \u2192 \u0baa\u0bcb\u0bb1\u0bbe\u0b99\u0bcd\u0b95 \u2192 \u0b85\u0baa\u0bcd\u0baa\u0b9f\u0bbf\u0baf\u0bc7 \u0bae\u0bb1\u0ba8\u0bcd\u0ba4\u0bc1\u0b9f\u0bc1\u0bb1\u0bbe\u0b99\u0bcd\u0b95. \ud83d\udc7b\n\n\u0b85\u0ba8\u0bcd\u0ba4 Customers-\u0b90 \u0b89\u0b99\u0bcd\u0b95\u0bb3\u0bcd Restaurant-\u0b95\u0bcd\u0b95\u0bc1 \u0ba4\u0bbf\u0bb0\u0bc1\u0bae\u0bcd\u0baa\u0bb5\u0bc1\u0bae\u0bcd \u0bb5\u0bb0 \u0bb5\u0bc8\u0b95\u0bcd\u0b95 \u0bae\u0bc1\u0b9f\u0bbf\u0b9e\u0bcd\u0b9a\u0bbe? \ud83d\udd25\n\n\u0b85\u0ba4\u0bc1\u0b95\u0bcd\u0b95\u0bbe\u0b95\u0ba4\u0bcd\u0ba4\u0bbe\u0ba9\u0bcd MenuKit \ud83d\ude80\n\n\u0b87\u0ba4\u0bc1 \u0bb5\u0bc6\u0bb1\u0bc1\u0bae\u0bcd Digital Menu \u0bae\u0b9f\u0bcd\u0b9f\u0bc1\u0bae\u0bcd \u0b95\u0bbf\u0b9f\u0bc8\u0baf\u0bbe\u0ba4\u0bc1.\n\n\u0b89\u0b99\u0bcd\u0b95\u0bb3\u0bcd Restaurant-\u0b95\u0bcd\u0b95\u0bbe\u0ba9 Customer Management Platform.\n\n\ud83d\udcf1 Digital Menu\n\ud83d\udc64 Customer Details\n\ud83c\udfaf Offers & Promotions\n\ud83d\udd01 \u0baa\u0bb4\u0bc8\u0baf Customers-\u0b90 \u0bae\u0bc0\u0ba3\u0bcd\u0b9f\u0bc1\u0bae\u0bcd \u0b95\u0bca\u0ba3\u0bcd\u0b9f\u0bc1 \u0bb5\u0bb0\u0bc1\u0ba4\u0bb2\u0bcd\n\ud83d\udcca Customer Insights\n\u26a1 Menu-\u0bb5\u0bc8 \u0b89\u0b9f\u0ba9\u0bc1\u0b95\u0bcd\u0b95\u0bc1\u0b9f\u0ba9\u0bcd Update \u0b9a\u0bc6\u0baf\u0bcd\u0baf\u0bb2\u0bbe\u0bae\u0bcd\n\n\u0b92\u0bb0\u0bc1\u0bae\u0bc1\u0bb1\u0bc8 \u0bb5\u0ba8\u0bcd\u0ba4 Customer-\u0b90 \u0bae\u0bc0\u0ba3\u0bcd\u0b9f\u0bc1\u0bae\u0bcd \u0bae\u0bc0\u0ba3\u0bcd\u0b9f\u0bc1\u0bae\u0bcd \u0bb5\u0bb0\u0b95\u0bcd\u0b95\u0bc2\u0b9f\u0bbf\u0baf Customer-\u0b86 \u0bae\u0bbe\u0bb1\u0bcd\u0bb1\u0bc1\u0b99\u0bcd\u0b95\u0bb3\u0bcd. \u2764\ufe0f\n\n\u0ba8\u0bbe\u0b99\u0bcd\u0b95\u0bb3\u0bcd \u0ba4\u0bb1\u0bcd\u0baa\u0bcb\u0ba4\u0bc1 Restaurants-\u0b90 MenuKit-\u0bb2\u0bcd onboard \u0b9a\u0bc6\u0baf\u0bcd\u0ba4\u0bc1 \u0bb5\u0bb0\u0bc1\u0b95\u0bbf\u0bb1\u0bcb\u0bae\u0bcd.\n\n\u0b89\u0b99\u0bcd\u0b95\u0bb3\u0bcd Restaurant-\u0b95\u0bcd\u0b95\u0bc1 \u0b92\u0bb0\u0bc1 Quick Demo \u0b95\u0bbe\u0b9f\u0bcd\u0b9f\u0b9f\u0bcd\u0b9f\u0bc1\u0bae\u0bbe? \ud83d\udc40\n\nInterested? \ud83d\udd25"
          }
        ]
      }
    ]
  }
}
[2026-08-31 00:05:48,673] INFO - 📥 WhatsApp Meta API Response (400): {"error":{"message":"(#132018) There’s an issue with the parameters in your template","code":132018,"type":"OAuthException","error_data":{"messaging_product":"whatsapp","details":"Param text cannot have new-line/tab characters or more than 4 consecutive spaces"},"fbtrace_id":"A_jMKmnzgX9TGEV2e4ToQiE"}}
[2026-08-31 00:05:48,673] ERROR - WhatsApp API Error (400): 400 Client Error: Bad Request for url: https://graph.facebook.com/v23.0/1209211872274267/messages | Response: {"error":{"message":"(#132018) There’s an issue with the parameters in your template","code":132018,"type":"OAuthException","error_data":{"messaging_product":"whatsapp","details":"Param text cannot have new-line/tab characters or more than 4 consecutive spaces"},"fbtrace_id":"A_jMKmnzgX9TGEV2e4ToQiE"}}
[2026-08-31 00:15:01,769] INFO - 📤 Outgoing WhatsApp Payload:
{
  "messaging_product": "whatsapp",
  "to": "918248692839",
  "type": "template",
  "template": {
    "name": "menukit_user_template",
    "language": {
      "code": "en"
    },
    "components": [
      {
        "type": "header",
        "parameters": [
          {
            "type": "image",
            "image": {
              "link": "https://images.unsplash.com/photo-1555396273-367ea4eb4db5?fm=jpg&w=800&q=90"
            }
          }
        ]
      },
      {
        "type": "body",
        "parameters": [
          {
            "type": "text",
            "text": "Valued Customer"
          },
          {
            "type": "text",
            "text": "Siva Hotel 2"
          },
          {
            "type": "text",
            "text": "\u0b89\u0b99\u0bcd\u0b95\u0bb3\u0bcd Restaurant-\u0b95\u0bcd\u0b95\u0bc1 \u0ba4\u0bbf\u0ba9\u0bae\u0bc1\u0bae\u0bcd Customers \u0bb5\u0bb0\u0bbe\u0b99\u0bcd\u0b95. \u0b86\u0ba9\u0bbe \u0b92\u0bb0\u0bc1 \u0baa\u0bc6\u0bb0\u0bbf\u0baf Problem \u0b87\u0bb0\u0bc1\u0b95\u0bcd\u0b95\u0bc1: \u0b9a\u0bbe\u0baa\u0bcd\u0baa\u0bbf\u0b9f\u0bc1\u0bb1\u0bbe\u0b99\u0bcd\u0b95 \u2192 Bill Pay \u0baa\u0ba3\u0bcd\u0bb1\u0bbe\u0b99\u0bcd\u0b95 \u2192 \u0baa\u0bcb\u0bb1\u0bbe\u0b99\u0bcd\u0b95 \u2192 \u0b85\u0baa\u0bcd\u0baa\u0b9f\u0bbf\u0baf\u0bc7 \u0bae\u0bb1\u0ba8\u0bcd\u0ba4\u0bc1\u0b9f\u0bc1\u0bb1\u0bbe\u0b99\u0bcd\u0b95. \ud83d\udc7b \u0b85\u0ba8\u0bcd\u0ba4 Customers-\u0b90 \u0b89\u0b99\u0bcd\u0b95\u0bb3\u0bcd Restaurant-\u0b95\u0bcd\u0b95\u0bc1 \u0ba4\u0bbf\u0bb0\u0bc1\u0bae\u0bcd\u0baa\u0bb5\u0bc1\u0bae\u0bcd \u0bb5\u0bb0 \u0bb5\u0bc8\u0b95\u0bcd\u0b95 \u0bae\u0bc1\u0b9f\u0bbf\u0b9e\u0bcd\u0b9a\u0bbe? \ud83d\udd25 \u0b85\u0ba4\u0bc1\u0b95\u0bcd\u0b95\u0bbe\u0b95\u0ba4\u0bcd\u0ba4\u0bbe\u0ba9\u0bcd MenuKit \ud83d\ude80 \u0b87\u0ba4\u0bc1 \u0bb5\u0bc6\u0bb1\u0bc1\u0bae\u0bcd Digital Menu \u0bae\u0b9f\u0bcd\u0b9f\u0bc1\u0bae\u0bcd \u0b95\u0bbf\u0b9f\u0bc8\u0baf\u0bbe\u0ba4\u0bc1. \u0b89\u0b99\u0bcd\u0b95\u0bb3\u0bcd Restaurant-\u0b95\u0bcd\u0b95\u0bbe\u0ba9 Customer Management Platform. \ud83d\udcf1 Digital Menu \ud83d\udc64 Customer Details \ud83c\udfaf Offers & Promotions \ud83d\udd01 \u0baa\u0bb4\u0bc8\u0baf Customers-\u0b90 \u0bae\u0bc0\u0ba3\u0bcd\u0b9f\u0bc1\u0bae\u0bcd \u0b95\u0bca\u0ba3\u0bcd\u0b9f\u0bc1 \u0bb5\u0bb0\u0bc1\u0ba4\u0bb2\u0bcd \ud83d\udcca Customer Insights \u26a1 Menu-\u0bb5\u0bc8 \u0b89\u0b9f\u0ba9\u0bc1\u0b95\u0bcd\u0b95\u0bc1\u0b9f\u0ba9\u0bcd Update \u0b9a\u0bc6\u0baf\u0bcd\u0baf\u0bb2\u0bbe\u0bae\u0bcd \u0b92\u0bb0\u0bc1\u0bae\u0bc1\u0bb1\u0bc8 \u0bb5\u0ba8\u0bcd\u0ba4 Customer-\u0b90 \u0bae\u0bc0\u0ba3\u0bcd\u0b9f\u0bc1\u0bae\u0bcd \u0bae\u0bc0\u0ba3\u0bcd\u0b9f\u0bc1\u0bae\u0bcd \u0bb5\u0bb0\u0b95\u0bcd\u0b95\u0bc2\u0b9f\u0bbf\u0baf Customer-\u0b86 \u0bae\u0bbe\u0bb1\u0bcd\u0bb1\u0bc1\u0b99\u0bcd\u0b95\u0bb3\u0bcd. \u2764\ufe0f \u0ba8\u0bbe\u0b99\u0bcd\u0b95\u0bb3\u0bcd \u0ba4\u0bb1\u0bcd\u0baa\u0bcb\u0ba4\u0bc1 Restaurants-\u0b90 MenuKit-\u0bb2\u0bcd onboard \u0b9a\u0bc6\u0baf\u0bcd\u0ba4\u0bc1 \u0bb5\u0bb0\u0bc1\u0b95\u0bbf\u0bb1\u0bcb\u0bae\u0bcd. \u0b89\u0b99\u0bcd\u0b95\u0bb3\u0bcd Restaurant-\u0b95\u0bcd\u0b95\u0bc1 \u0b92\u0bb0\u0bc1 Quick Demo \u0b95\u0bbe\u0b9f\u0bcd\u0b9f\u0b9f\u0bcd\u0b9f\u0bc1\u0bae\u0bbe? \ud83d\udc40 Interested? \ud83d\udd25"
          }
        ]
      },
      {
        "type": "button",
        "sub_type": "url",
        "index": "0",
        "parameters": [
          {
            "type": "text",
            "text": "shop/50ad42ed-b9ff-446b-9f4c-7c15183ca84a"
          }
        ]
      }
    ]
  }
}
[2026-08-31 00:15:04,897] INFO - 📥 WhatsApp Meta API Response (200): {"messaging_product":"whatsapp","contacts":[{"input":"918248692839","wa_id":"918248692839"}],"messages":[{"id":"wamid.HBgMOTE4MjQ4NjkyODM5FQIAERgSMDhEQ0Y4REMzRTcxM0UzQzM1AA==","message_status":"accepted"}]}
[2026-08-31 00:49:23,938] INFO - 📤 Outgoing WhatsApp Payload:
{
  "messaging_product": "whatsapp",
  "to": "918248692839",
  "type": "template",
  "template": {
    "name": "menukit_user_template",
    "language": {
      "code": "en"
    },
    "components": [
      {
        "type": "header",
        "parameters": [
          {
            "type": "image",
            "image": {
              "link": "http://localhost:9000/menukitassets/banners/1acf180a-78bd-4ea9-b66c-4c4cdcc1284f.jpg"
            }
          }
        ]
      },
      {
        "type": "body",
        "parameters": [
          {
            "type": "text",
            "text": "Sivarajan"
          },
          {
            "type": "text",
            "text": "Siva Hotel 2"
          },
          {
            "type": "text",
            "text": "We are currently providing a special 20% discount on all orders today! Visit our digital store now to claim your offer."
          }
        ]
      },
      {
        "type": "button",
        "sub_type": "url",
        "index": "0",
        "parameters": [
          {
            "type": "text",
            "text": "shop/50ad42ed-b9ff-446b-9f4c-7c15183ca84a"
          }
        ]
      }
    ]
  }
}
[2026-08-31 00:49:26,357] INFO - 📥 WhatsApp Meta API Response (200): {"messaging_product":"whatsapp","contacts":[{"input":"918248692839","wa_id":"918248692839"}],"messages":[{"id":"wamid.HBgMOTE4MjQ4NjkyODM5FQIAERgSMTVEMkIwNUJDRUNDRkMyREZDAA==","message_status":"accepted"}]}
[2026-08-31 00:49:53,635] INFO - 📤 Outgoing WhatsApp Payload:
{
  "messaging_product": "whatsapp",
  "to": "918248692839",
  "type": "template",
  "template": {
    "name": "menukit_user_template",
    "language": {
      "code": "en"
    },
    "components": [
      {
        "type": "header",
        "parameters": [
          {
            "type": "image",
            "image": {
              "link": "http://localhost:9000/menukitassets/banners/1acf180a-78bd-4ea9-b66c-4c4cdcc1284f.jpg"
            }
          }
        ]
      },
      {
        "type": "body",
        "parameters": [
          {
            "type": "text",
            "text": "Valued Customer"
          },
          {
            "type": "text",
            "text": "Siva Hotel 2"
          },
          {
            "type": "text",
            "text": "We are currently providing a special 20% discount on all orders today! Visit our digital store now to claim your offer."
          }
        ]
      },
      {
        "type": "button",
        "sub_type": "url",
        "index": "0",
        "parameters": [
          {
            "type": "text",
            "text": "shop/50ad42ed-b9ff-446b-9f4c-7c15183ca84a"
          }
        ]
      }
    ]
  }
}
[2026-08-31 00:49:56,084] INFO - 📥 WhatsApp Meta API Response (200): {"messaging_product":"whatsapp","contacts":[{"input":"918248692839","wa_id":"918248692839"}],"messages":[{"id":"wamid.HBgMOTE4MjQ4NjkyODM5FQIAERgSODFBNDNCOTA1OTEzQzcwMDcxAA==","message_status":"accepted"}]}
[2026-08-31 01:04:04,650] INFO - 📤 Outgoing WhatsApp Payload:
{
  "messaging_product": "whatsapp",
  "to": "918248692839",
  "type": "template",
  "template": {
    "name": "menukit_user_template",
    "language": {
      "code": "en"
    },
    "components": [
      {
        "type": "header",
        "parameters": [
          {
            "type": "image",
            "image": {
              "link": "https://images.unsplash.com/photo-1555396273-367ea4eb4db5?fm=jpg&w=800&q=90"
            }
          }
        ]
      },
      {
        "type": "body",
        "parameters": [
          {
            "type": "text",
            "text": "Valued Customer"
          },
          {
            "type": "text",
            "text": "Siva Hotel 2"
          },
          {
            "type": "text",
            "text": "We are currently providing a special 20% discount on all orders today! Visit our digital store now to claim your offer."
          }
        ]
      },
      {
        "type": "button",
        "sub_type": "url",
        "index": "0",
        "parameters": [
          {
            "type": "text",
            "text": "shop/50ad42ed-b9ff-446b-9f4c-7c15183ca84a"
          }
        ]
      }
    ]
  }
}
[2026-08-31 01:04:06,960] INFO - 📥 WhatsApp Meta API Response (200): {"messaging_product":"whatsapp","contacts":[{"input":"918248692839","wa_id":"918248692839"}],"messages":[{"id":"wamid.HBgMOTE4MjQ4NjkyODM5FQIAERgSQTdDNEZCODkyMDc5RDMwRjkyAA==","message_status":"accepted"}]}
[2026-08-31 01:06:47,654] INFO - 📤 Outgoing WhatsApp Payload:
{
  "messaging_product": "whatsapp",
  "to": "918248692839",
  "type": "template",
  "template": {
    "name": "menukit_user_template",
    "language": {
      "code": "en"
    },
    "components": [
      {
        "type": "header",
        "parameters": [
          {
            "type": "image",
            "image": {
              "link": "https://images.unsplash.com/photo-1555396273-367ea4eb4db5?fm=jpg&w=800&q=90"
            }
          }
        ]
      },
      {
        "type": "body",
        "parameters": [
          {
            "type": "text",
            "text": "Valued Customer"
          },
          {
            "type": "text",
            "text": "Siva Hotel 2"
          },
          {
            "type": "text",
            "text": "We are currently providing a special 20% discount on all orders today! Visit our digital store now to claim your offer."
          }
        ]
      },
      {
        "type": "button",
        "sub_type": "url",
        "index": "0",
        "parameters": [
          {
            "type": "text",
            "text": "shop/50ad42ed-b9ff-446b-9f4c-7c15183ca84a"
          }
        ]
      }
    ]
  }
}
[2026-08-31 01:06:49,832] INFO - 📥 WhatsApp Meta API Response (200): {"messaging_product":"whatsapp","contacts":[{"input":"918248692839","wa_id":"918248692839"}],"messages":[{"id":"wamid.HBgMOTE4MjQ4NjkyODM5FQIAERgSRkRENzQ2NUE2QzlDQjZFMDVCAA==","message_status":"accepted"}]}
[2026-08-31 10:44:49,098] INFO - 📤 Outgoing WhatsApp Payload:
{
  "messaging_product": "whatsapp",
  "to": "918248692839",
  "type": "template",
  "template": {
    "name": "menukit_user_template",
    "language": {
      "code": "en"
    },
    "components": [
      {
        "type": "header",
        "parameters": [
          {
            "type": "image",
            "image": {
              "link": "https://images.unsplash.com/photo-1555396273-367ea4eb4db5?fm=jpg&w=800&q=90"
            }
          }
        ]
      },
      {
        "type": "body",
        "parameters": [
          {
            "type": "text",
            "text": "Sivarajan"
          },
          {
            "type": "text",
            "text": "Siva Hotel 2"
          },
          {
            "type": "text",
            "text": "We are currently providing a special 20% discount on all orders today! Visit our digital store now to claim your offer."
          }
        ]
      },
      {
        "type": "button",
        "sub_type": "url",
        "index": "0",
        "parameters": [
          {
            "type": "text",
            "text": "shop/50ad42ed-b9ff-446b-9f4c-7c15183ca84a"
          }
        ]
      }
    ]
  }
}
[2026-08-31 10:44:52,388] INFO - 📥 WhatsApp Meta API Response (200): {"messaging_product":"whatsapp","contacts":[{"input":"918248692839","wa_id":"918248692839"}],"messages":[{"id":"wamid.HBgMOTE4MjQ4NjkyODM5FQIAERgSRUMyMzlBNDcxQUZDMzE1QjhGAA==","message_status":"accepted"}]}
[2026-09-07 00:20:40,357] INFO - 📤 Outgoing WhatsApp Payload:
{
  "messaging_product": "whatsapp",
  "to": "918248692839",
  "type": "template",
  "template": {
    "name": "menukit_user_template",
    "language": {
      "code": "en"
    },
    "components": [
      {
        "type": "header",
        "parameters": [
          {
            "type": "image",
            "image": {
              "link": "https://images.unsplash.com/photo-1555396273-367ea4eb4db5?fm=jpg&w=800&q=90"
            }
          }
        ]
      },
      {
        "type": "body",
        "parameters": [
          {
            "type": "text",
            "text": "Valued Customer"
          },
          {
            "type": "text",
            "text": "Siva Hotel 2"
          },
          {
            "type": "text",
            "text": "We are currently providing a special 20% discount on all orders today! Visit our digital store now to claim your offer."
          }
        ]
      },
      {
        "type": "button",
        "sub_type": "url",
        "index": "0",
        "parameters": [
          {
            "type": "text",
            "text": "shop/50ad42ed-b9ff-446b-9f4c-7c15183ca84a"
          }
        ]
      }
    ]
  }
}
[2026-09-07 00:20:44,636] INFO - 📥 WhatsApp Meta API Response (200): {"messaging_product":"whatsapp","contacts":[{"input":"918248692839","wa_id":"918248692839"}],"messages":[{"id":"wamid.HBgMOTE4MjQ4NjkyODM5FQIAERgSQURBQzUwQjY5RUZGQTRDMkMxAA==","message_status":"accepted"}]}
[2026-09-21 22:38:30,604] INFO - 📤 Outgoing WhatsApp Payload:
{
  "messaging_product": "whatsapp",
  "to": "918248692839",
  "type": "template",
  "template": {
    "name": "menukit_user_template",
    "language": {
      "code": "en"
    },
    "components": [
      {
        "type": "header",
        "parameters": [
          {
            "type": "image",
            "image": {
              "link": "https://images.unsplash.com/photo-1555396273-367ea4eb4db5?fm=jpg&w=800&q=90"
            }
          }
        ]
      },
      {
        "type": "body",
        "parameters": [
          {
            "type": "text",
            "text": "Sivarajan"
          },
          {
            "type": "text",
            "text": "Siva Hotel 2"
          },
          {
            "type": "text",
            "text": "We are currently providing a special 20% discount on all orders today! Visit our digital store now to claim your offer."
          }
        ]
      },
      {
        "type": "button",
        "sub_type": "url",
        "index": "0",
        "parameters": [
          {
            "type": "text",
            "text": "shop/50ad42ed-b9ff-446b-9f4c-7c15183ca84a"
          }
        ]
      }
    ]
  }
}
[2026-09-21 22:38:32,619] INFO - 📥 WhatsApp Meta API Response (200): {"messaging_product":"whatsapp","contacts":[{"input":"918248692839","wa_id":"918248692839"}],"messages":[{"id":"wamid.HBgMOTE4MjQ4NjkyODM5FQIAERgSQUJEMTNCMzZDRTYyODYyQUE4AA==","message_status":"accepted"}]}
[2026-09-21 22:39:53,806] INFO - 📤 Outgoing WhatsApp Payload:
{
  "messaging_product": "whatsapp",
  "to": "918248692839",
  "type": "template",
  "template": {
    "name": "menukit_user_template",
    "language": {
      "code": "en"
    },
    "components": [
      {
        "type": "header",
        "parameters": [
          {
            "type": "image",
            "image": {
              "link": "http://localhost:9000/menukitassets/banners/5b8a3da1-5f0e-4237-9ac9-7afd256f7f59.jpg"
            }
          }
        ]
      },
      {
        "type": "body",
        "parameters": [
          {
            "type": "text",
            "text": "Sivarajan"
          },
          {
            "type": "text",
            "text": "Siva Hotel 2"
          },
          {
            "type": "text",
            "text": "We are currently providing a special 20% discount on all orders today! Visit our digital store now to claim your offer."
          }
        ]
      },
      {
        "type": "button",
        "sub_type": "url",
        "index": "0",
        "parameters": [
          {
            "type": "text",
            "text": "shop/50ad42ed-b9ff-446b-9f4c-7c15183ca84a"
          }
        ]
      }
    ]
  }
}
[2026-09-21 22:39:53,807] INFO - 📤 Outgoing WhatsApp Payload:
{
  "messaging_product": "whatsapp",
  "to": "91824869283788",
  "type": "template",
  "template": {
    "name": "menukit_user_template",
    "language": {
      "code": "en"
    },
    "components": [
      {
        "type": "header",
        "parameters": [
          {
            "type": "image",
            "image": {
              "link": "http://localhost:9000/menukitassets/banners/5b8a3da1-5f0e-4237-9ac9-7afd256f7f59.jpg"
            }
          }
        ]
      },
      {
        "type": "body",
        "parameters": [
          {
            "type": "text",
            "text": "Sivarajan"
          },
          {
            "type": "text",
            "text": "Siva Hotel 2"
          },
          {
            "type": "text",
            "text": "We are currently providing a special 20% discount on all orders today! Visit our digital store now to claim your offer."
          }
        ]
      },
      {
        "type": "button",
        "sub_type": "url",
        "index": "0",
        "parameters": [
          {
            "type": "text",
            "text": "shop/50ad42ed-b9ff-446b-9f4c-7c15183ca84a"
          }
        ]
      }
    ]
  }
}
[2026-09-21 22:39:55,400] INFO - 📥 WhatsApp Meta API Response (200): {"messaging_product":"whatsapp","contacts":[{"input":"91824869283788","wa_id":"91824869283788"}],"messages":[{"id":"wamid.HBgOOTE4MjQ4NjkyODM3ODgVAgARGBI5RjdBMThCMUJCRTI4NkZBM0UA","message_status":"accepted"}]}
[2026-09-21 22:39:55,856] INFO - 📥 WhatsApp Meta API Response (200): {"messaging_product":"whatsapp","contacts":[{"input":"918248692839","wa_id":"918248692839"}],"messages":[{"id":"wamid.HBgMOTE4MjQ4NjkyODM5FQIAERgSNzg0NUJGMjU3RjdFQUM1QkNFAA==","message_status":"accepted"}]}
[2026-09-21 23:01:40,341] INFO - 📤 Outgoing WhatsApp Payload:
{
  "messaging_product": "whatsapp",
  "to": "918248692839",
  "type": "template",
  "template": {
    "name": "menukit_order_created",
    "language": {
      "code": "en"
    },
    "components": [
      {
        "type": "body",
        "parameters": [
          {
            "type": "text",
            "text": "Sivarajan"
          },
          {
            "type": "text",
            "text": "Siva Hotel 2"
          },
          {
            "type": "text",
            "text": "C6C5FABF"
          },
          {
            "type": "text",
            "text": "\u20b941"
          },
          {
            "type": "text",
            "text": "https://menukit.debuggerstechnologies.com/customer/"
          }
        ]
      }
    ]
  }
}
[2026-09-21 23:01:42,222] INFO - 📥 WhatsApp Meta API Response (200): {"messaging_product":"whatsapp","contacts":[{"input":"918248692839","wa_id":"918248692839"}],"messages":[{"id":"wamid.HBgMOTE4MjQ4NjkyODM5FQIAERgSQkNGOTAyNDNEMDM1QzNERTREAA==","message_status":"accepted"}]}
[2026-09-21 23:27:33,992] INFO - 📤 Outgoing WhatsApp Payload:
{
  "messaging_product": "whatsapp",
  "to": "918248692839",
  "type": "template",
  "template": {
    "name": "menukit_order_created",
    "language": {
      "code": "en"
    },
    "components": [
      {
        "type": "body",
        "parameters": [
          {
            "type": "text",
            "text": "Sivarajan"
          },
          {
            "type": "text",
            "text": "Siva Hotel 2"
          },
          {
            "type": "text",
            "text": "#6"
          },
          {
            "type": "text",
            "text": "\u20b946"
          },
          {
            "type": "text",
            "text": "https://menukit.debuggerstechnologies.com/customer/"
          }
        ]
      }
    ]
  }
}
[2026-09-21 23:27:35,668] INFO - 📥 WhatsApp Meta API Response (200): {"messaging_product":"whatsapp","contacts":[{"input":"918248692839","wa_id":"918248692839"}],"messages":[{"id":"wamid.HBgMOTE4MjQ4NjkyODM5FQIAERgSNDI5MTAzREYwN0M5QUFDODRGAA==","message_status":"accepted"}]}
[2026-09-21 23:31:21,022] INFO - 📤 Outgoing WhatsApp Payload:
{
  "messaging_product": "whatsapp",
  "to": "918248692839",
  "type": "template",
  "template": {
    "name": "menukit_order_created",
    "language": {
      "code": "en"
    },
    "components": [
      {
        "type": "body",
        "parameters": [
          {
            "type": "text",
            "text": "Sivarajan"
          },
          {
            "type": "text",
            "text": "Siva Hotel 2"
          },
          {
            "type": "text",
            "text": "#5"
          },
          {
            "type": "text",
            "text": "\u20b90"
          },
          {
            "type": "text",
            "text": "https://menukit.debuggerstechnologies.com/customer/"
          }
        ]
      }
    ]
  }
}
[2026-09-21 23:31:22,346] INFO - 📥 WhatsApp Meta API Response (200): {"messaging_product":"whatsapp","contacts":[{"input":"918248692839","wa_id":"918248692839"}],"messages":[{"id":"wamid.HBgMOTE4MjQ4NjkyODM5FQIAERgSQjI1MTNGQUJDRkE0MjRDNDZFAA==","message_status":"accepted"}]}
[2026-09-21 23:41:42,584] INFO - 📤 Outgoing WhatsApp Payload:
{
  "messaging_product": "whatsapp",
  "to": "918248692839",
  "type": "template",
  "template": {
    "name": "menukit_order_created",
    "language": {
      "code": "en"
    },
    "components": [
      {
        "type": "body",
        "parameters": [
          {
            "type": "text",
            "text": "Siva Rajan"
          },
          {
            "type": "text",
            "text": "Siva Hotel"
          },
          {
            "type": "text",
            "text": "#1"
          },
          {
            "type": "text",
            "text": "\u20b91"
          },
          {
            "type": "text",
            "text": "https://menukit.debuggerstechnologies.com/customer/"
          }
        ]
      }
    ]
  }
}
[2026-09-21 23:41:44,095] INFO - 📥 WhatsApp Meta API Response (200): {"messaging_product":"whatsapp","contacts":[{"input":"918248692839","wa_id":"918248692839"}],"messages":[{"id":"wamid.HBgMOTE4MjQ4NjkyODM5FQIAERgSRUNDMTY5MTc1M0U3M0VBQ0ZCAA==","message_status":"accepted"}]}
[2026-09-27 12:51:41,704] INFO - 📤 Outgoing WhatsApp Payload:
{
  "messaging_product": "whatsapp",
  "to": "918015329201",
  "type": "template",
  "template": {
    "name": "menukit_user_template",
    "language": {
      "code": "en"
    },
    "components": [
      {
        "type": "header",
        "parameters": [
          {
            "type": "image",
            "image": {
              "link": "https://images.unsplash.com/photo-1555396273-367ea4eb4db5?fm=jpg&w=800&q=90"
            }
          }
        ]
      },
      {
        "type": "body",
        "parameters": [
          {
            "type": "text",
            "text": "Valued Customer"
          },
          {
            "type": "text",
            "text": "Siva Hotel"
          },
          {
            "type": "text",
            "text": "We are currently providing a special 20% discount on all orders today! Visit our digital store now to claim your offer."
          }
        ]
      },
      {
        "type": "button",
        "sub_type": "url",
        "index": "0",
        "parameters": [
          {
            "type": "text",
            "text": "shop/50ad42ed-b9ff-446b-9f4c-7c15183ca84a"
          }
        ]
      }
    ]
  }
}
[2026-09-27 12:51:44,021] INFO - 📥 WhatsApp Meta API Response (200): {"messaging_product":"whatsapp","contacts":[{"input":"918015329201","wa_id":"918015329201"}],"messages":[{"id":"wamid.HBgMOTE4MDE1MzI5MjAxFQIAERgSOTVFOTIwMjU0NkRBOEVDNDRFAA==","message_status":"accepted"}]}
[2026-09-27 15:51:47,429] INFO - 📤 Outgoing WhatsApp Payload:
{
  "messaging_product": "whatsapp",
  "to": "918248692839",
  "type": "template",
  "template": {
    "name": "menukit_order_created",
    "language": {
      "code": "en"
    },
    "components": [
      {
        "type": "body",
        "parameters": [
          {
            "type": "text",
            "text": "Sivarajan"
          },
          {
            "type": "text",
            "text": "Siva Hotel"
          },
          {
            "type": "text",
            "text": "#7"
          },
          {
            "type": "text",
            "text": "\u20b949.50"
          },
          {
            "type": "text",
            "text": "https://menukit.debuggerstechnologies.com/customer/"
          }
        ]
      }
    ]
  }
}
[2026-09-27 15:51:49,347] INFO - 📥 WhatsApp Meta API Response (200): {"messaging_product":"whatsapp","contacts":[{"input":"918248692839","wa_id":"918248692839"}],"messages":[{"id":"wamid.HBgMOTE4MjQ4NjkyODM5FQIAERgSQjJEMkMwMjQzMjI2RDg3QzBFAA==","message_status":"accepted"}]}
[2026-09-27 18:23:08,220] INFO - 📤 Outgoing WhatsApp Payload:
{
  "messaging_product": "whatsapp",
  "to": "918248692839",
  "type": "template",
  "template": {
    "name": "menukit_order_refund_template",
    "language": {
      "code": "en"
    },
    "components": [
      {
        "type": "body",
        "parameters": [
          {
            "type": "text",
            "text": "Sivarajan"
          },
          {
            "type": "text",
            "text": "13"
          },
          {
            "type": "text",
            "text": "Siva Hotel"
          },
          {
            "type": "text",
            "text": "Item 'Test Wala' cancelled (Product price refund)"
          },
          {
            "type": "text",
            "text": "1"
          },
          {
            "type": "text",
            "text": "#13"
          },
          {
            "type": "text",
            "text": "Online"
          },
          {
            "type": "text",
            "text": "5-7"
          }
        ]
      },
      {
        "type": "button",
        "sub_type": "url",
        "index": "0",
        "parameters": [
          {
            "type": "text",
            "text": "shop/50ad42ed-b9ff-446b-9f4c-7c15183ca84a/order/a7101ef6-20d5-48cc-b707-31064a7d4c83"
          }
        ]
      }
    ]
  }
}
[2026-09-27 18:23:09,422] INFO - 📥 WhatsApp Meta API Response (404): {"error":{"message":"(#132001) Template name does not exist in the translation","code":132001,"type":"OAuthException","error_data":{"messaging_product":"whatsapp","details":"template name (menukit_order_refund_template) does not exist in en"},"fbtrace_id":"APKEoXrxNcI64A7TQaB78sX"}}
[2026-09-27 18:23:09,424] ERROR - WhatsApp API Error (404): 404 Client Error: Not Found for url: https://graph.facebook.com/v23.0/1209211872274267/messages | Response: {"error":{"message":"(#132001) Template name does not exist in the translation","code":132001,"type":"OAuthException","error_data":{"messaging_product":"whatsapp","details":"template name (menukit_order_refund_template) does not exist in en"},"fbtrace_id":"APKEoXrxNcI64A7TQaB78sX"}}
[2026-09-27 18:33:19,395] INFO - 📤 Outgoing WhatsApp Payload:
{
  "messaging_product": "whatsapp",
  "to": "918248692839",
  "type": "template",
  "template": {
    "name": "menukit_order_refund_template",
    "language": {
      "code": "en"
    },
    "components": [
      {
        "type": "body",
        "parameters": [
          {
            "type": "text",
            "text": "Sivarajan"
          },
          {
            "type": "text",
            "text": "14"
          },
          {
            "type": "text",
            "text": "Siva Hotel"
          },
          {
            "type": "text",
            "text": "Item 'Test Wala' cancelled (Product price refund)"
          },
          {
            "type": "text",
            "text": "1"
          },
          {
            "type": "text",
            "text": "#14"
          },
          {
            "type": "text",
            "text": "Online"
          },
          {
            "type": "text",
            "text": "5-7"
          }
        ]
      },
      {
        "type": "button",
        "sub_type": "url",
        "index": "0",
        "parameters": [
          {
            "type": "text",
            "text": "shop/50ad42ed-b9ff-446b-9f4c-7c15183ca84a/order/436f2ff4-da25-4507-baa5-ff7076603d13"
          }
        ]
      }
    ]
  }
}
[2026-09-27 18:33:21,063] INFO - 📥 WhatsApp Meta API Response (404): {"error":{"message":"(#132001) Template name does not exist in the translation","code":132001,"type":"OAuthException","error_data":{"messaging_product":"whatsapp","details":"template name (menukit_order_refund_template) does not exist in en"},"fbtrace_id":"AHK69LrF996fv1Dl19zxq0i"}}
[2026-09-27 18:33:21,065] ERROR - WhatsApp API Error (404): 404 Client Error: Not Found for url: https://graph.facebook.com/v23.0/1209211872274267/messages | Response: {"error":{"message":"(#132001) Template name does not exist in the translation","code":132001,"type":"OAuthException","error_data":{"messaging_product":"whatsapp","details":"template name (menukit_order_refund_template) does not exist in en"},"fbtrace_id":"AHK69LrF996fv1Dl19zxq0i"}}
[2026-09-27 19:12:28,464] INFO - 📤 Outgoing WhatsApp Payload:
{
  "messaging_product": "whatsapp",
  "to": "918248692839",
  "type": "template",
  "template": {
    "name": "menukit_order_accepted_payment_required_template",
    "language": {
      "code": "en"
    },
    "components": [
      {
        "type": "body",
        "parameters": [
          {
            "type": "text",
            "text": "Sivarajan"
          },
          {
            "type": "text",
            "text": "15"
          },
          {
            "type": "text",
            "text": "Siva Hotel"
          },
          {
            "type": "text",
            "text": "\u20b91.06"
          }
        ]
      },
      {
        "type": "button",
        "sub_type": "url",
        "index": "0",
        "parameters": [
          {
            "type": "text",
            "text": "shop/50ad42ed-b9ff-446b-9f4c-7c15183ca84a/order/e3e76adf-b83b-4b26-8d3a-274e0017cd0c"
          }
        ]
      }
    ]
  }
}
[2026-09-27 19:12:30,056] INFO - 📥 WhatsApp Meta API Response (404): {"error":{"message":"(#132001) Template name does not exist in the translation","code":132001,"type":"OAuthException","error_data":{"messaging_product":"whatsapp","details":"template name (menukit_order_accepted_payment_required_template) does not exist in en"},"fbtrace_id":"APf014QBK1Swe1DwegUPYKm"}}
[2026-09-27 19:12:30,057] ERROR - WhatsApp API Error (404): 404 Client Error: Not Found for url: https://graph.facebook.com/v23.0/1209211872274267/messages | Response: {"error":{"message":"(#132001) Template name does not exist in the translation","code":132001,"type":"OAuthException","error_data":{"messaging_product":"whatsapp","details":"template name (menukit_order_accepted_payment_required_template) does not exist in en"},"fbtrace_id":"APf014QBK1Swe1DwegUPYKm"}}
[2026-09-27 19:12:48,379] INFO - 📤 Outgoing WhatsApp Payload:
{
  "messaging_product": "whatsapp",
  "to": "918248692839",
  "type": "template",
  "template": {
    "name": "menukit_order_accepted_payment_required_template",
    "language": {
      "code": "en"
    },
    "components": [
      {
        "type": "body",
        "parameters": [
          {
            "type": "text",
            "text": "Sivarajan"
          },
          {
            "type": "text",
            "text": "15"
          },
          {
            "type": "text",
            "text": "Siva Hotel"
          },
          {
            "type": "text",
            "text": "\u20b9160.06"
          }
        ]
      },
      {
        "type": "button",
        "sub_type": "url",
        "index": "0",
        "parameters": [
          {
            "type": "text",
            "text": "shop/50ad42ed-b9ff-446b-9f4c-7c15183ca84a/order/e3e76adf-b83b-4b26-8d3a-274e0017cd0c"
          }
        ]
      }
    ]
  }
}
[2026-09-27 19:12:49,930] INFO - 📥 WhatsApp Meta API Response (404): {"error":{"message":"(#132001) Template name does not exist in the translation","code":132001,"type":"OAuthException","error_data":{"messaging_product":"whatsapp","details":"template name (menukit_order_accepted_payment_required_template) does not exist in en"},"fbtrace_id":"AgNEGPkVUNMMa_vEGt2XTWa"}}
[2026-09-27 19:12:49,933] ERROR - WhatsApp API Error (404): 404 Client Error: Not Found for url: https://graph.facebook.com/v23.0/1209211872274267/messages | Response: {"error":{"message":"(#132001) Template name does not exist in the translation","code":132001,"type":"OAuthException","error_data":{"messaging_product":"whatsapp","details":"template name (menukit_order_accepted_payment_required_template) does not exist in en"},"fbtrace_id":"AgNEGPkVUNMMa_vEGt2XTWa"}}
[2026-09-27 21:36:58,969] INFO - 📤 Outgoing WhatsApp Payload:
{
  "messaging_product": "whatsapp",
  "to": "918248692839",
  "type": "template",
  "template": {
    "name": "menukit_order_created",
    "language": {
      "code": "en"
    },
    "components": [
      {
        "type": "body",
        "parameters": [
          {
            "type": "text",
            "text": "Sivarajan"
          },
          {
            "type": "text",
            "text": "Siva Hotel"
          },
          {
            "type": "text",
            "text": "#16"
          },
          {
            "type": "text",
            "text": "\u20b91.06"
          },
          {
            "type": "text",
            "text": "https://menukit.debuggerstechnologies.com/customer/"
          }
        ]
      }
    ]
  }
}
[2026-09-27 21:37:01,036] INFO - 📥 WhatsApp Meta API Response (200): {"messaging_product":"whatsapp","contacts":[{"input":"918248692839","wa_id":"918248692839"}],"messages":[{"id":"wamid.HBgMOTE4MjQ4NjkyODM5FQIAERgSOTYwRDQxQjQ1MEI5MzlDM0E4AA==","message_status":"accepted"}]}
[2026-09-27 21:38:37,225] INFO - 📤 Outgoing WhatsApp Payload:
{
  "messaging_product": "whatsapp",
  "to": "918248692839",
  "type": "template",
  "template": {
    "name": "menukit_order_created",
    "language": {
      "code": "en"
    },
    "components": [
      {
        "type": "body",
        "parameters": [
          {
            "type": "text",
            "text": "Sivarajan"
          },
          {
            "type": "text",
            "text": "Siva Hotel"
          },
          {
            "type": "text",
            "text": "#8"
          },
          {
            "type": "text",
            "text": "\u20b994.50"
          },
          {
            "type": "text",
            "text": "https://menukit.debuggerstechnologies.com/customer/"
          }
        ]
      }
    ]
  }
}
[2026-09-27 21:38:39,346] INFO - 📥 WhatsApp Meta API Response (200): {"messaging_product":"whatsapp","contacts":[{"input":"918248692839","wa_id":"918248692839"}],"messages":[{"id":"wamid.HBgMOTE4MjQ4NjkyODM5FQIAERgSRjEzMzBBNjI1NTMxNjUzNDBGAA==","message_status":"accepted"}]}
[2026-09-28 12:15:14,481] INFO - 📤 Outgoing WhatsApp Payload:
{
  "messaging_product": "whatsapp",
  "to": "919677639292",
  "type": "template",
  "template": {
    "name": "menukit_order_created",
    "language": {
      "code": "en"
    },
    "components": [
      {
        "type": "body",
        "parameters": [
          {
            "type": "text",
            "text": "Vaishnavi"
          },
          {
            "type": "text",
            "text": "Siva Hotel"
          },
          {
            "type": "text",
            "text": "#1"
          },
          {
            "type": "text",
            "text": "\u20b953.55"
          },
          {
            "type": "text",
            "text": "https://menukit.debuggerstechnologies.com/customer/"
          }
        ]
      }
    ]
  }
}
[2026-09-28 12:15:16,639] INFO - 📥 WhatsApp Meta API Response (200): {"messaging_product":"whatsapp","contacts":[{"input":"919677639292","wa_id":"919677639292"}],"messages":[{"id":"wamid.HBgMOTE5Njc3NjM5MjkyFQIAERgSQURCQzU4MEI1QUY4QzBDOTIzAA==","message_status":"accepted"}]}
[2026-09-28 12:23:34,740] INFO - 📤 Outgoing WhatsApp Payload:
{
  "messaging_product": "whatsapp",
  "to": "919677639292",
  "type": "template",
  "template": {
    "name": "menukit_order_created",
    "language": {
      "code": "en"
    },
    "components": [
      {
        "type": "body",
        "parameters": [
          {
            "type": "text",
            "text": "Vaishnavi"
          },
          {
            "type": "text",
            "text": "Siva Hotel"
          },
          {
            "type": "text",
            "text": "#2"
          },
          {
            "type": "text",
            "text": "\u20b91.06"
          },
          {
            "type": "text",
            "text": "https://menukit.debuggerstechnologies.com/customer/"
          }
        ]
      }
    ]
  }
}
[2026-09-28 12:23:36,578] INFO - 📥 WhatsApp Meta API Response (200): {"messaging_product":"whatsapp","contacts":[{"input":"919677639292","wa_id":"919677639292"}],"messages":[{"id":"wamid.HBgMOTE5Njc3NjM5MjkyFQIAERgSMTUyM0U2NkFFQjlBQzREM0JGAA==","message_status":"accepted"}]}
[2026-09-28 13:13:36,430] INFO - 📤 Outgoing WhatsApp Payload:
{
  "messaging_product": "whatsapp",
  "to": "919677639292",
  "type": "template",
  "template": {
    "name": "menukit_order_accepted_payment_required_template",
    "language": {
      "code": "en"
    },
    "components": [
      {
        "type": "body",
        "parameters": [
          {
            "type": "text",
            "text": "Vaishnavi"
          },
          {
            "type": "text",
            "text": "4"
          },
          {
            "type": "text",
            "text": "Siva Hotel"
          },
          {
            "type": "text",
            "text": "\u20b91.05"
          }
        ]
      },
      {
        "type": "button",
        "sub_type": "url",
        "index": "0",
        "parameters": [
          {
            "type": "text",
            "text": "shop/50ad42ed-b9ff-446b-9f4c-7c15183ca84a/order/be345ee1-5f24-48ba-97fe-19779e919428"
          }
        ]
      }
    ]
  }
}
[2026-09-28 13:13:38,086] INFO - 📥 WhatsApp Meta API Response (404): {"error":{"message":"(#132001) Template name does not exist in the translation","code":132001,"type":"OAuthException","error_data":{"messaging_product":"whatsapp","details":"template name (menukit_order_accepted_payment_required_template) does not exist in en"},"fbtrace_id":"AtjVCA5el9Z74tU2setbMXw"}}
[2026-09-28 13:13:38,090] ERROR - WhatsApp API Error (404): 404 Client Error: Not Found for url: https://graph.facebook.com/v23.0/1209211872274267/messages | Response: {"error":{"message":"(#132001) Template name does not exist in the translation","code":132001,"type":"OAuthException","error_data":{"messaging_product":"whatsapp","details":"template name (menukit_order_accepted_payment_required_template) does not exist in en"},"fbtrace_id":"AtjVCA5el9Z74tU2setbMXw"}}
[2026-09-28 13:17:40,457] INFO - 📤 Outgoing WhatsApp Payload:
{
  "messaging_product": "whatsapp",
  "to": "919677639292",
  "type": "template",
  "template": {
    "name": "menukit_order_created",
    "language": {
      "code": "en"
    },
    "components": [
      {
        "type": "body",
        "parameters": [
          {
            "type": "text",
            "text": "Vaishnavi"
          },
          {
            "type": "text",
            "text": "Siva Hotel"
          },
          {
            "type": "text",
            "text": "#4"
          },
          {
            "type": "text",
            "text": "\u20b91.05"
          },
          {
            "type": "text",
            "text": "https://menukit.debuggerstechnologies.com/customer/"
          }
        ]
      }
    ]
  }
}
[2026-09-28 13:17:42,567] INFO - 📥 WhatsApp Meta API Response (200): {"messaging_product":"whatsapp","contacts":[{"input":"919677639292","wa_id":"919677639292"}],"messages":[{"id":"wamid.HBgMOTE5Njc3NjM5MjkyFQIAERgSNDZFRDhDM0M4OEEzRTU3NjZCAA==","message_status":"accepted"}]}
[2026-09-28 14:17:02,712] INFO - 📤 Outgoing WhatsApp Payload:
{
  "messaging_product": "whatsapp",
  "to": "919677639292",
  "type": "template",
  "template": {
    "name": "menukit_order_accepted_payment_required_template",
    "language": {
      "code": "en"
    },
    "components": [
      {
        "type": "body",
        "parameters": [
          {
            "type": "text",
            "text": "Vaishnavi"
          },
          {
            "type": "text",
            "text": "5"
          },
          {
            "type": "text",
            "text": "Siva Hotel"
          },
          {
            "type": "text",
            "text": "\u20b93000"
          }
        ]
      },
      {
        "type": "button",
        "sub_type": "url",
        "index": "0",
        "parameters": [
          {
            "type": "text",
            "text": "shop/50ad42ed-b9ff-446b-9f4c-7c15183ca84a/order/5cefda70-5692-4ae3-b2cd-1ca5f8e9fe5e"
          }
        ]
      }
    ]
  }
}
[2026-09-28 14:17:04,519] ERROR - WhatsApp API Error (404): {"error":{"message":"(#132001) Template name does not exist in the translation","code":132001,"type":"OAuthException","error_data":{"messaging_product":"whatsapp","details":"template name (menukit_order_accepted_payment_required_template) does not exist in en"},"fbtrace_id":"A3W_a3_THfEU-oSISkqc32x"}}
[2026-09-28 14:18:49,069] INFO - 📤 Outgoing WhatsApp Payload:
{
  "messaging_product": "whatsapp",
  "to": "919677639292",
  "type": "template",
  "template": {
    "name": "menukit_order_created",
    "language": {
      "code": "en"
    },
    "components": [
      {
        "type": "body",
        "parameters": [
          {
            "type": "text",
            "text": "Vaishnavi"
          },
          {
            "type": "text",
            "text": "Siva Hotel"
          },
          {
            "type": "text",
            "text": "#5"
          },
          {
            "type": "text",
            "text": "\u20b93000"
          },
          {
            "type": "text",
            "text": "https://menukit.debuggerstechnologies.com/customer/"
          }
        ]
      }
    ]
  }
}
[2026-09-28 14:18:50,768] INFO - 📥 WhatsApp Meta API Response (200): {"messaging_product":"whatsapp","contacts":[{"input":"919677639292","wa_id":"919677639292"}],"messages":[{"id":"wamid.HBgMOTE5Njc3NjM5MjkyFQIAERgSNjVEQ0Y1MDcyQzlGNTFGNzREAA==","message_status":"accepted"}]}
[2026-09-28 14:29:46,997] INFO - 📤 Outgoing WhatsApp Payload:
{
  "messaging_product": "whatsapp",
  "to": "919677639292",
  "type": "template",
  "template": {
    "name": "menukit_order_accepted_payment_required_template",
    "language": {
      "code": "en"
    },
    "components": [
      {
        "type": "body",
        "parameters": [
          {
            "type": "text",
            "text": "Vaishnavi"
          },
          {
            "type": "text",
            "text": "8"
          },
          {
            "type": "text",
            "text": "Siva Hotel"
          },
          {
            "type": "text",
            "text": "\u20b93002.10"
          }
        ]
      },
      {
        "type": "button",
        "sub_type": "url",
        "index": "0",
        "parameters": [
          {
            "type": "text",
            "text": "shop/50ad42ed-b9ff-446b-9f4c-7c15183ca84a/order/9da80060-4b2f-49dd-8957-d41ca0218bca"
          }
        ]
      }
    ]
  }
}
[2026-09-28 14:29:48,658] ERROR - WhatsApp API Error (404): {"error":{"message":"(#132001) Template name does not exist in the translation","code":132001,"type":"OAuthException","error_data":{"messaging_product":"whatsapp","details":"template name (menukit_order_accepted_payment_required_template) does not exist in en"},"fbtrace_id":"A1DhxYElj3arTzjB-EamAku"}}
[2026-09-28 14:40:33,182] INFO - 📤 Outgoing WhatsApp Payload:
{
  "messaging_product": "whatsapp",
  "to": "919677639292",
  "type": "template",
  "template": {
    "name": "menukit_order_accepted_payment_required_template",
    "language": {
      "code": "en"
    },
    "components": [
      {
        "type": "body",
        "parameters": [
          {
            "type": "text",
            "text": "Vaishnavi"
          },
          {
            "type": "text",
            "text": "10"
          },
          {
            "type": "text",
            "text": "Siva Hotel"
          },
          {
            "type": "text",
            "text": "\u20b91.05"
          }
        ]
      },
      {
        "type": "button",
        "sub_type": "url",
        "index": "0",
        "parameters": [
          {
            "type": "text",
            "text": "shop/50ad42ed-b9ff-446b-9f4c-7c15183ca84a/order/09140a02-32e0-4636-8c4a-de940c05b28a"
          }
        ]
      }
    ]
  }
}
[2026-09-28 14:40:34,840] ERROR - WhatsApp API Error (404): {"error":{"message":"(#132001) Template name does not exist in the translation","code":132001,"type":"OAuthException","error_data":{"messaging_product":"whatsapp","details":"template name (menukit_order_accepted_payment_required_template) does not exist in en"},"fbtrace_id":"A-LeirYmRAhhmZp5kKlXMy0"}}
[2026-09-28 14:40:36,558] INFO - 📤 Outgoing WhatsApp Payload:
{
  "messaging_product": "whatsapp",
  "to": "919677639292",
  "type": "template",
  "template": {
    "name": "menukit_order_created",
    "language": {
      "code": "en"
    },
    "components": [
      {
        "type": "body",
        "parameters": [
          {
            "type": "text",
            "text": "Vaishnavi"
          },
          {
            "type": "text",
            "text": "Siva Hotel"
          },
          {
            "type": "text",
            "text": "#10"
          },
          {
            "type": "text",
            "text": "\u20b91.05"
          },
          {
            "type": "text",
            "text": "https://menukit.debuggerstechnologies.com/customer/"
          }
        ]
      }
    ]
  }
}
[2026-09-28 14:40:41,114] INFO - 📥 WhatsApp Meta API Response (200): {"messaging_product":"whatsapp","contacts":[{"input":"919677639292","wa_id":"919677639292"}],"messages":[{"id":"wamid.HBgMOTE5Njc3NjM5MjkyFQIAERgSQzczM0NBODg2NkQwOTYwMUNCAA==","message_status":"accepted"}]}
[2026-09-29 12:16:04,890] INFO - 📤 Outgoing WhatsApp Payload:
{
  "messaging_product": "whatsapp",
  "to": "919677639292",
  "type": "template",
  "template": {
    "name": "menukit_order_created",
    "language": {
      "code": "en"
    },
    "components": [
      {
        "type": "body",
        "parameters": [
          {
            "type": "text",
            "text": "Vaishnavi"
          },
          {
            "type": "text",
            "text": "Siva Hotel"
          },
          {
            "type": "text",
            "text": "#3"
          },
          {
            "type": "text",
            "text": "\u20b91"
          },
          {
            "type": "text",
            "text": "https://menukit.debuggerstechnologies.com/customer/"
          }
        ]
      }
    ]
  }
}
[2026-09-29 12:16:07,198] INFO - 📥 WhatsApp Meta API Response (200): {"messaging_product":"whatsapp","contacts":[{"input":"919677639292","wa_id":"919677639292"}],"messages":[{"id":"wamid.HBgMOTE5Njc3NjM5MjkyFQIAERgSMDMxODE2NTg1RUU1MEUzQUQwAA==","message_status":"accepted"}]}
[2026-09-29 12:19:54,197] INFO - 📤 Outgoing WhatsApp Payload:
{
  "messaging_product": "whatsapp",
  "to": "919677639292",
  "type": "template",
  "template": {
    "name": "menukit_order_created",
    "language": {
      "code": "en"
    },
    "components": [
      {
        "type": "body",
        "parameters": [
          {
            "type": "text",
            "text": "Vaishnavi"
          },
          {
            "type": "text",
            "text": "Siva Hotel"
          },
          {
            "type": "text",
            "text": "#4"
          },
          {
            "type": "text",
            "text": "\u20b91"
          },
          {
            "type": "text",
            "text": "https://menukit.debuggerstechnologies.com/customer/"
          }
        ]
      }
    ]
  }
}
[2026-09-29 12:19:56,240] INFO - 📥 WhatsApp Meta API Response (200): {"messaging_product":"whatsapp","contacts":[{"input":"919677639292","wa_id":"919677639292"}],"messages":[{"id":"wamid.HBgMOTE5Njc3NjM5MjkyFQIAERgSREFBQ0Y0QUMzMzgyMTgyRDZEAA==","message_status":"accepted"}]}
[2026-09-29 12:41:44,013] INFO - 📤 Outgoing WhatsApp Payload:
{
  "messaging_product": "whatsapp",
  "to": "918248692839",
  "type": "template",
  "template": {
    "name": "menukit_order_accepted_payment_required_template",
    "language": {
      "code": "en"
    },
    "components": [
      {
        "type": "body",
        "parameters": [
          {
            "type": "text",
            "text": "Sivarajan"
          },
          {
            "type": "text",
            "text": "5"
          },
          {
            "type": "text",
            "text": "Siva Hotel"
          },
          {
            "type": "text",
            "text": "\u20b91"
          }
        ]
      },
      {
        "type": "button",
        "sub_type": "url",
        "index": "0",
        "parameters": [
          {
            "type": "text",
            "text": "shop/50ad42ed-b9ff-446b-9f4c-7c15183ca84a/order/8e927922-0c19-45fa-9830-ea50d4a657da"
          }
        ]
      }
    ]
  }
}
[2026-09-29 12:41:46,172] INFO - 📥 WhatsApp Meta API Response (200): {"messaging_product":"whatsapp","contacts":[{"input":"918248692839","wa_id":"918248692839"}],"messages":[{"id":"wamid.HBgMOTE4MjQ4NjkyODM5FQIAERgSODJCMkI0MEVBNUNGNUUwMEUxAA==","message_status":"accepted"}]}
[2026-09-29 12:42:55,740] INFO - 📤 Outgoing WhatsApp Payload:
{
  "messaging_product": "whatsapp",
  "to": "918248692839",
  "type": "template",
  "template": {
    "name": "menukit_order_created",
    "language": {
      "code": "en"
    },
    "components": [
      {
        "type": "body",
        "parameters": [
          {
            "type": "text",
            "text": "Sivarajan"
          },
          {
            "type": "text",
            "text": "Siva Hotel"
          },
          {
            "type": "text",
            "text": "#5"
          },
          {
            "type": "text",
            "text": "\u20b91"
          },
          {
            "type": "text",
            "text": "https://menukit.debuggerstechnologies.com/customer/"
          }
        ]
      }
    ]
  }
}
[2026-09-29 12:43:15,368] INFO - 📥 WhatsApp Meta API Response (200): {"messaging_product":"whatsapp","contacts":[{"input":"918248692839","wa_id":"918248692839"}],"messages":[{"id":"wamid.HBgMOTE4MjQ4NjkyODM5FQIAERgSMkI4NjlFRTE5QThFMDUwQkIyAA==","message_status":"accepted"}]}
[2026-09-29 12:43:52,847] INFO - 📤 Outgoing WhatsApp Payload:
{
  "messaging_product": "whatsapp",
  "to": "918248692839",
  "type": "template",
  "template": {
    "name": "menukit_order_refund_template",
    "language": {
      "code": "en"
    },
    "components": [
      {
        "type": "body",
        "parameters": [
          {
            "type": "text",
            "text": "Sivarajan"
          },
          {
            "type": "text",
            "text": "5"
          },
          {
            "type": "text",
            "text": "Siva Hotel"
          },
          {
            "type": "text",
            "text": "Butter Naan x 1 = \u20b91"
          },
          {
            "type": "text",
            "text": "Customer cancelled request"
          },
          {
            "type": "text",
            "text": "1"
          },
          {
            "type": "text",
            "text": "5"
          },
          {
            "type": "text",
            "text": "Online"
          },
          {
            "type": "text",
            "text": "5-7"
          }
        ]
      },
      {
        "type": "button",
        "sub_type": "url",
        "index": "0",
        "parameters": [
          {
            "type": "text",
            "text": "shop/50ad42ed-b9ff-446b-9f4c-7c15183ca84a/order/8e927922-0c19-45fa-9830-ea50d4a657da"
          }
        ]
      }
    ]
  }
}
[2026-09-29 12:43:56,149] INFO - 📥 WhatsApp Meta API Response (200): {"messaging_product":"whatsapp","contacts":[{"input":"918248692839","wa_id":"918248692839"}],"messages":[{"id":"wamid.HBgMOTE4MjQ4NjkyODM5FQIAERgSMjkwNzdFNTc4ODQyMDBFQ0MxAA==","message_status":"accepted"}]}
[2026-09-29 12:57:11,493] INFO - 📤 Outgoing WhatsApp Payload:
{
  "messaging_product": "whatsapp",
  "to": "918248692839",
  "type": "template",
  "template": {
    "name": "menukit_order_accepted_payment_required_template",
    "language": {
      "code": "en"
    },
    "components": [
      {
        "type": "body",
        "parameters": [
          {
            "type": "text",
            "text": "Sivarajan"
          },
          {
            "type": "text",
            "text": "6"
          },
          {
            "type": "text",
            "text": "Siva Hotel"
          },
          {
            "type": "text",
            "text": "\u20b92"
          }
        ]
      },
      {
        "type": "button",
        "sub_type": "url",
        "index": "0",
        "parameters": [
          {
            "type": "text",
            "text": "shop/50ad42ed-b9ff-446b-9f4c-7c15183ca84a/order/f47189c9-387b-485c-940c-d2284a5f396e"
          }
        ]
      }
    ]
  }
}
[2026-09-29 12:57:13,456] INFO - 📥 WhatsApp Meta API Response (200): {"messaging_product":"whatsapp","contacts":[{"input":"918248692839","wa_id":"918248692839"}],"messages":[{"id":"wamid.HBgMOTE4MjQ4NjkyODM5FQIAERgSRDQ4NzhCQzcwNkU0MTNGQzA0AA==","message_status":"accepted"}]}
[2026-09-29 12:59:33,618] INFO - 📤 Outgoing WhatsApp Payload:
{
  "messaging_product": "whatsapp",
  "to": "918248692839",
  "type": "template",
  "template": {
    "name": "menukit_order_created",
    "language": {
      "code": "en"
    },
    "components": [
      {
        "type": "body",
        "parameters": [
          {
            "type": "text",
            "text": "Sivarajan"
          },
          {
            "type": "text",
            "text": "Siva Hotel"
          },
          {
            "type": "text",
            "text": "#6"
          },
          {
            "type": "text",
            "text": "\u20b92"
          },
          {
            "type": "text",
            "text": "https://menukit.debuggerstechnologies.com/customer/"
          }
        ]
      }
    ]
  }
}
[2026-09-29 12:59:35,458] INFO - 📥 WhatsApp Meta API Response (200): {"messaging_product":"whatsapp","contacts":[{"input":"918248692839","wa_id":"918248692839"}],"messages":[{"id":"wamid.HBgMOTE4MjQ4NjkyODM5FQIAERgSQzQ4N0M0QzM5OTg1MjU5MDBGAA==","message_status":"accepted"}]}
[2026-09-29 13:00:01,130] INFO - 📤 Outgoing WhatsApp Payload:
{
  "messaging_product": "whatsapp",
  "to": "918248692839",
  "type": "template",
  "template": {
    "name": "menukit_order_refund_template",
    "language": {
      "code": "en"
    },
    "components": [
      {
        "type": "body",
        "parameters": [
          {
            "type": "text",
            "text": "Sivarajan"
          },
          {
            "type": "text",
            "text": "6"
          },
          {
            "type": "text",
            "text": "Siva Hotel"
          },
          {
            "type": "text",
            "text": "Test Wala 2 x 1 = \u20b91.94"
          },
          {
            "type": "text",
            "text": "Customer changed item preference"
          },
          {
            "type": "text",
            "text": "1.94"
          },
          {
            "type": "text",
            "text": "6"
          },
          {
            "type": "text",
            "text": "Online"
          },
          {
            "type": "text",
            "text": "5-7"
          }
        ]
      },
      {
        "type": "button",
        "sub_type": "url",
        "index": "0",
        "parameters": [
          {
            "type": "text",
            "text": "shop/50ad42ed-b9ff-446b-9f4c-7c15183ca84a/order/f47189c9-387b-485c-940c-d2284a5f396e"
          }
        ]
      }
    ]
  }
}
[2026-09-29 13:00:02,685] INFO - 📥 WhatsApp Meta API Response (200): {"messaging_product":"whatsapp","contacts":[{"input":"918248692839","wa_id":"918248692839"}],"messages":[{"id":"wamid.HBgMOTE4MjQ4NjkyODM5FQIAERgSNUUwMTUwMDc3MDg2NTIzNjI4AA==","message_status":"accepted"}]}
[2026-09-29 13:15:24,917] INFO - 📤 Outgoing WhatsApp Payload:
{
  "messaging_product": "whatsapp",
  "to": "918248692839",
  "type": "template",
  "template": {
    "name": "menukit_order_accepted_payment_required_template",
    "language": {
      "code": "en"
    },
    "components": [
      {
        "type": "body",
        "parameters": [
          {
            "type": "text",
            "text": "Sivarajan"
          },
          {
            "type": "text",
            "text": "7"
          },
          {
            "type": "text",
            "text": "Siva Hotel"
          },
          {
            "type": "text",
            "text": "\u20b92.11"
          }
        ]
      },
      {
        "type": "button",
        "sub_type": "url",
        "index": "0",
        "parameters": [
          {
            "type": "text",
            "text": "shop/50ad42ed-b9ff-446b-9f4c-7c15183ca84a/order/5d5a78df-8721-405b-b725-1bcf26c150b4"
          }
        ]
      }
    ]
  }
}
[2026-09-29 13:15:26,852] INFO - 📥 WhatsApp Meta API Response (200): {"messaging_product":"whatsapp","contacts":[{"input":"918248692839","wa_id":"918248692839"}],"messages":[{"id":"wamid.HBgMOTE4MjQ4NjkyODM5FQIAERgSMTY5OTIwNTlGMjVEQ0I3NjI0AA==","message_status":"accepted"}]}
[2026-09-29 13:45:56,060] INFO - 📤 Outgoing WhatsApp Payload:
{
  "messaging_product": "whatsapp",
  "to": "918248692839",
  "type": "template",
  "template": {
    "name": "menukit_order_accepted_payment_required_template",
    "language": {
      "code": "en"
    },
    "components": [
      {
        "type": "body",
        "parameters": [
          {
            "type": "text",
            "text": "Sivarajan"
          },
          {
            "type": "text",
            "text": "8"
          },
          {
            "type": "text",
            "text": "Siva Hotel"
          },
          {
            "type": "text",
            "text": "\u20b93.11"
          }
        ]
      },
      {
        "type": "button",
        "sub_type": "url",
        "index": "0",
        "parameters": [
          {
            "type": "text",
            "text": "shop/50ad42ed-b9ff-446b-9f4c-7c15183ca84a/order/20b388b3-cc92-4fe9-9169-0acba34f1d46"
          }
        ]
      }
    ]
  }
}
[2026-09-29 13:45:59,257] INFO - 📥 WhatsApp Meta API Response (200): {"messaging_product":"whatsapp","contacts":[{"input":"918248692839","wa_id":"918248692839"}],"messages":[{"id":"wamid.HBgMOTE4MjQ4NjkyODM5FQIAERgSQzhEMkE2RDIwMzFDRTU5MkM3AA==","message_status":"accepted"}]}
[2026-09-29 14:50:28,961] INFO - 📤 Outgoing WhatsApp Payload:
{
  "messaging_product": "whatsapp",
  "to": "918248692839",
  "type": "template",
  "template": {
    "name": "menukit_order_accepted_payment_required_template",
    "language": {
      "code": "en"
    },
    "components": [
      {
        "type": "body",
        "parameters": [
          {
            "type": "text",
            "text": "Sivarajan"
          },
          {
            "type": "text",
            "text": "11"
          },
          {
            "type": "text",
            "text": "Siva Hotel"
          },
          {
            "type": "text",
            "text": "\u20b97.33"
          }
        ]
      },
      {
        "type": "button",
        "sub_type": "url",
        "index": "0",
        "parameters": [
          {
            "type": "text",
            "text": "shop/50ad42ed-b9ff-446b-9f4c-7c15183ca84a/order/d6e727f0-207c-4675-b6c4-1115bcc831c8"
          }
        ]
      }
    ]
  }
}
[2026-09-29 14:50:36,468] INFO - 📥 WhatsApp Meta API Response (200): {"messaging_product":"whatsapp","contacts":[{"input":"918248692839","wa_id":"918248692839"}],"messages":[{"id":"wamid.HBgMOTE4MjQ4NjkyODM5FQIAERgSODcyQkI0QTM2Nzg2MkVGQ0ZGAA==","message_status":"accepted"}]}
[2026-09-29 14:59:53,054] INFO - 📤 Outgoing WhatsApp Payload:
{
  "messaging_product": "whatsapp",
  "to": "918248692839",
  "type": "template",
  "template": {
    "name": "menukit_order_accepted_payment_required_template",
    "language": {
      "code": "en"
    },
    "components": [
      {
        "type": "body",
        "parameters": [
          {
            "type": "text",
            "text": "Sivarajan"
          },
          {
            "type": "text",
            "text": "12"
          },
          {
            "type": "text",
            "text": "Siva Hotel"
          },
          {
            "type": "text",
            "text": "\u20b94.22"
          }
        ]
      },
      {
        "type": "button",
        "sub_type": "url",
        "index": "0",
        "parameters": [
          {
            "type": "text",
            "text": "shop/50ad42ed-b9ff-446b-9f4c-7c15183ca84a/order/abef98d3-6dad-43cd-8636-a2b9db596684"
          }
        ]
      }
    ]
  }
}
[2026-09-29 14:59:57,792] INFO - 📥 WhatsApp Meta API Response (200): {"messaging_product":"whatsapp","contacts":[{"input":"918248692839","wa_id":"918248692839"}],"messages":[{"id":"wamid.HBgMOTE4MjQ4NjkyODM5FQIAERgSNUIxNDU1NDFFMkQ0QjAxQ0VBAA==","message_status":"accepted"}]}
[2026-09-29 15:02:58,803] INFO - 📤 Outgoing WhatsApp Payload:
{
  "messaging_product": "whatsapp",
  "to": "918248692839",
  "type": "template",
  "template": {
    "name": "menukit_order_accepted_payment_required_template",
    "language": {
      "code": "en"
    },
    "components": [
      {
        "type": "body",
        "parameters": [
          {
            "type": "text",
            "text": "Sivarajan"
          },
          {
            "type": "text",
            "text": "13"
          },
          {
            "type": "text",
            "text": "Siva Hotel"
          },
          {
            "type": "text",
            "text": "\u20b91.06"
          }
        ]
      },
      {
        "type": "button",
        "sub_type": "url",
        "index": "0",
        "parameters": [
          {
            "type": "text",
            "text": "shop/50ad42ed-b9ff-446b-9f4c-7c15183ca84a/order/697da992-6c45-48a0-bf7e-8e26b85fc840"
          }
        ]
      }
    ]
  }
}
[2026-09-29 15:03:03,305] INFO - 📥 WhatsApp Meta API Response (200): {"messaging_product":"whatsapp","contacts":[{"input":"918248692839","wa_id":"918248692839"}],"messages":[{"id":"wamid.HBgMOTE4MjQ4NjkyODM5FQIAERgSODYwNEEwMDhBQUE5MTA0NTg4AA==","message_status":"accepted"}]}
[2026-09-29 16:17:28,833] INFO - 📤 Outgoing WhatsApp Payload:
{
  "messaging_product": "whatsapp",
  "to": "918248692839",
  "type": "template",
  "template": {
    "name": "menukit_order_accepted_payment_required_template",
    "language": {
      "code": "en"
    },
    "components": [
      {
        "type": "body",
        "parameters": [
          {
            "type": "text",
            "text": "Sivarajan"
          },
          {
            "type": "text",
            "text": "14"
          },
          {
            "type": "text",
            "text": "Siva Hotel"
          },
          {
            "type": "text",
            "text": "\u20b93.11"
          }
        ]
      },
      {
        "type": "button",
        "sub_type": "url",
        "index": "0",
        "parameters": [
          {
            "type": "text",
            "text": "shop/50ad42ed-b9ff-446b-9f4c-7c15183ca84a/order/d92f84c2-4433-4d49-82d5-0d91e07bd1a5"
          }
        ]
      }
    ]
  }
}
[2026-09-29 16:17:30,419] INFO - 📥 WhatsApp Meta API Response (200): {"messaging_product":"whatsapp","contacts":[{"input":"918248692839","wa_id":"918248692839"}],"messages":[{"id":"wamid.HBgMOTE4MjQ4NjkyODM5FQIAERgSN0I2MDg0Mzk4OUIyOTQyN0YxAA==","message_status":"accepted"}]}
[2026-09-29 16:19:36,866] INFO - 📤 Outgoing WhatsApp Payload:
{
  "messaging_product": "whatsapp",
  "to": "918248692839",
  "type": "template",
  "template": {
    "name": "menukit_order_accepted_payment_required_template",
    "language": {
      "code": "en"
    },
    "components": [
      {
        "type": "body",
        "parameters": [
          {
            "type": "text",
            "text": "Sivarajan"
          },
          {
            "type": "text",
            "text": "15"
          },
          {
            "type": "text",
            "text": "Siva Hotel"
          },
          {
            "type": "text",
            "text": "\u20b93.11"
          }
        ]
      },
      {
        "type": "button",
        "sub_type": "url",
        "index": "0",
        "parameters": [
          {
            "type": "text",
            "text": "shop/50ad42ed-b9ff-446b-9f4c-7c15183ca84a/order/eed63015-bc6b-4d23-81d0-3065e27759ef"
          }
        ]
      }
    ]
  }
}
[2026-09-29 16:19:38,858] INFO - 📥 WhatsApp Meta API Response (200): {"messaging_product":"whatsapp","contacts":[{"input":"918248692839","wa_id":"918248692839"}],"messages":[{"id":"wamid.HBgMOTE4MjQ4NjkyODM5FQIAERgSRDkwODY5QzhCQjhBNzNFQkI3AA==","message_status":"accepted"}]}
[2026-09-29 16:31:40,520] INFO - 📤 Outgoing WhatsApp Payload:
{
  "messaging_product": "whatsapp",
  "to": "918248692839",
  "type": "template",
  "template": {
    "name": "menukit_order_accepted_payment_required_template",
    "language": {
      "code": "en"
    },
    "components": [
      {
        "type": "body",
        "parameters": [
          {
            "type": "text",
            "text": "Sivarajan"
          },
          {
            "type": "text",
            "text": "16"
          },
          {
            "type": "text",
            "text": "Siva Hotel"
          },
          {
            "type": "text",
            "text": "\u20b93.17"
          }
        ]
      },
      {
        "type": "button",
        "sub_type": "url",
        "index": "0",
        "parameters": [
          {
            "type": "text",
            "text": "shop/50ad42ed-b9ff-446b-9f4c-7c15183ca84a/order/2ceeef7f-0605-4081-a038-20dff54f9552"
          }
        ]
      }
    ]
  }
}
[2026-09-29 16:31:42,634] INFO - 📥 WhatsApp Meta API Response (200): {"messaging_product":"whatsapp","contacts":[{"input":"918248692839","wa_id":"918248692839"}],"messages":[{"id":"wamid.HBgMOTE4MjQ4NjkyODM5FQIAERgSNjNFMDJBRTcwQTEwRDVEMEFDAA==","message_status":"accepted"}]}
[2026-09-29 16:52:30,600] INFO - 📤 Outgoing WhatsApp Payload:
{
  "messaging_product": "whatsapp",
  "to": "918248692839",
  "type": "template",
  "template": {
    "name": "menukit_order_accepted_payment_required_template",
    "language": {
      "code": "en"
    },
    "components": [
      {
        "type": "body",
        "parameters": [
          {
            "type": "text",
            "text": "Sivarajan"
          },
          {
            "type": "text",
            "text": "17"
          },
          {
            "type": "text",
            "text": "Siva Hotel"
          },
          {
            "type": "text",
            "text": "\u20b93.17"
          }
        ]
      },
      {
        "type": "button",
        "sub_type": "url",
        "index": "0",
        "parameters": [
          {
            "type": "text",
            "text": "shop/50ad42ed-b9ff-446b-9f4c-7c15183ca84a/order/279a1f4b-f439-4473-be47-58f40db1945c"
          }
        ]
      }
    ]
  }
}
[2026-09-29 16:52:32,357] INFO - 📥 WhatsApp Meta API Response (200): {"messaging_product":"whatsapp","contacts":[{"input":"918248692839","wa_id":"918248692839"}],"messages":[{"id":"wamid.HBgMOTE4MjQ4NjkyODM5FQIAERgSMUFGNzAzQzVBOTcwQTVBQ0U0AA==","message_status":"accepted"}]}
[2026-09-29 16:53:59,518] INFO - 📤 Outgoing WhatsApp Payload:
{
  "messaging_product": "whatsapp",
  "to": "918248692839",
  "type": "template",
  "template": {
    "name": "menukit_order_accepted_payment_required_template",
    "language": {
      "code": "en"
    },
    "components": [
      {
        "type": "body",
        "parameters": [
          {
            "type": "text",
            "text": "Sivarajan"
          },
          {
            "type": "text",
            "text": "18"
          },
          {
            "type": "text",
            "text": "Siva Hotel"
          },
          {
            "type": "text",
            "text": "\u20b93.11"
          }
        ]
      },
      {
        "type": "button",
        "sub_type": "url",
        "index": "0",
        "parameters": [
          {
            "type": "text",
            "text": "shop/50ad42ed-b9ff-446b-9f4c-7c15183ca84a/order/24df731a-3fca-49ab-b63b-ca18cd447017"
          }
        ]
      }
    ]
  }
}
[2026-09-29 16:54:01,504] INFO - 📥 WhatsApp Meta API Response (200): {"messaging_product":"whatsapp","contacts":[{"input":"918248692839","wa_id":"918248692839"}],"messages":[{"id":"wamid.HBgMOTE4MjQ4NjkyODM5FQIAERgSODhFMUNFNjEyMTlFRDY1RjIzAA==","message_status":"accepted"}]}
[2026-09-29 17:01:44,345] INFO - 📤 Outgoing WhatsApp Payload:
{
  "messaging_product": "whatsapp",
  "to": "918248692839",
  "type": "template",
  "template": {
    "name": "menukit_order_accepted_payment_required_template",
    "language": {
      "code": "en"
    },
    "components": [
      {
        "type": "body",
        "parameters": [
          {
            "type": "text",
            "text": "Sivarajan"
          },
          {
            "type": "text",
            "text": "21"
          },
          {
            "type": "text",
            "text": "Siva Hotel"
          },
          {
            "type": "text",
            "text": "\u20b93.11"
          }
        ]
      },
      {
        "type": "button",
        "sub_type": "url",
        "index": "0",
        "parameters": [
          {
            "type": "text",
            "text": "shop/50ad42ed-b9ff-446b-9f4c-7c15183ca84a/order/42ac8659-e224-4387-aad7-4500d296334e"
          }
        ]
      }
    ]
  }
}
[2026-09-29 17:01:47,030] INFO - 📥 WhatsApp Meta API Response (200): {"messaging_product":"whatsapp","contacts":[{"input":"918248692839","wa_id":"918248692839"}],"messages":[{"id":"wamid.HBgMOTE4MjQ4NjkyODM5FQIAERgSRDc3N0UyNkNGNjE2REI2Q0ZBAA==","message_status":"accepted"}]}
[2026-09-29 17:25:08,445] INFO - 📤 Outgoing WhatsApp Payload:
{
  "messaging_product": "whatsapp",
  "to": "918248692839",
  "type": "template",
  "template": {
    "name": "menukit_order_created",
    "language": {
      "code": "en"
    },
    "components": [
      {
        "type": "body",
        "parameters": [
          {
            "type": "text",
            "text": "Sivarajan"
          },
          {
            "type": "text",
            "text": "Siva Hotel"
          },
          {
            "type": "text",
            "text": "#23"
          },
          {
            "type": "text",
            "text": "\u20b93.00"
          },
          {
            "type": "text",
            "text": "https://menukit.debuggerstechnologies.com/customer/"
          }
        ]
      }
    ]
  }
}
[2026-09-29 17:25:16,579] INFO - 📤 Outgoing WhatsApp Payload:
{
  "messaging_product": "whatsapp",
  "to": "918248692839",
  "type": "template",
  "template": {
    "name": "menukit_order_created",
    "language": {
      "code": "en"
    },
    "components": [
      {
        "type": "body",
        "parameters": [
          {
            "type": "text",
            "text": "Sivarajan"
          },
          {
            "type": "text",
            "text": "Siva Hotel"
          },
          {
            "type": "text",
            "text": "#22"
          },
          {
            "type": "text",
            "text": "\u20b92.94"
          },
          {
            "type": "text",
            "text": "https://menukit.debuggerstechnologies.com/customer/"
          }
        ]
      }
    ]
  }
}
[2026-09-29 17:25:20,048] ERROR - WhatsApp Request Error: HTTPSConnectionPool(host='graph.facebook.com', port=443): Max retries exceeded with url: /v23.0/1209211872274267/messages (Caused by NameResolutionError("HTTPSConnection(host='graph.facebook.com', port=443): Failed to resolve 'graph.facebook.com' ([Errno 11001] getaddrinfo failed)"))
[2026-09-29 17:25:20,049] ERROR - WhatsApp Request Error: HTTPSConnectionPool(host='graph.facebook.com', port=443): Max retries exceeded with url: /v23.0/1209211872274267/messages (Caused by NameResolutionError("HTTPSConnection(host='graph.facebook.com', port=443): Failed to resolve 'graph.facebook.com' ([Errno 11001] getaddrinfo failed)"))
[2026-09-29 17:38:01,495] INFO - 📤 Outgoing WhatsApp Payload:
{
  "messaging_product": "whatsapp",
  "to": "918248692839",
  "type": "template",
  "template": {
    "name": "menukit_order_accepted_payment_required_template",
    "language": {
      "code": "en"
    },
    "components": [
      {
        "type": "body",
        "parameters": [
          {
            "type": "text",
            "text": "Sivarajan"
          },
          {
            "type": "text",
            "text": "24"
          },
          {
            "type": "text",
            "text": "Siva Hotel"
          },
          {
            "type": "text",
            "text": "\u20b93.17"
          }
        ]
      },
      {
        "type": "button",
        "sub_type": "url",
        "index": "0",
        "parameters": [
          {
            "type": "text",
            "text": "shop/50ad42ed-b9ff-446b-9f4c-7c15183ca84a/order/8cdcffae-d3b3-4927-8f3f-a9092e6480dd"
          }
        ]
      }
    ]
  }
}
[2026-09-29 17:38:35,592] ERROR - WhatsApp Request Error: ('Connection aborted.', ConnectionResetError(10054, 'An existing connection was forcibly closed by the remote host', None, 10054, None))
[2026-09-29 17:46:15,919] INFO - 📤 Outgoing WhatsApp Payload:
{
  "messaging_product": "whatsapp",
  "to": "918248692839",
  "type": "template",
  "template": {
    "name": "menukit_order_accepted_payment_required_template",
    "language": {
      "code": "en"
    },
    "components": [
      {
        "type": "body",
        "parameters": [
          {
            "type": "text",
            "text": "Sivarajan"
          },
          {
            "type": "text",
            "text": "25"
          },
          {
            "type": "text",
            "text": "Siva Hotel"
          },
          {
            "type": "text",
            "text": "\u20b93.17"
          }
        ]
      },
      {
        "type": "button",
        "sub_type": "url",
        "index": "0",
        "parameters": [
          {
            "type": "text",
            "text": "shop/50ad42ed-b9ff-446b-9f4c-7c15183ca84a/order/49c1c6f4-877d-4952-af86-e20a6ed573e0"
          }
        ]
      }
    ]
  }
}
[2026-09-29 17:46:18,040] INFO - 📥 WhatsApp Meta API Response (200): {"messaging_product":"whatsapp","contacts":[{"input":"918248692839","wa_id":"918248692839"}],"messages":[{"id":"wamid.HBgMOTE4MjQ4NjkyODM5FQIAERgSRUU2ODQ2MkZBNDhEMzlCNkI1AA==","message_status":"accepted"}]}
[2026-09-29 17:49:06,725] INFO - 📤 Outgoing WhatsApp Payload:
{
  "messaging_product": "whatsapp",
  "to": "918248692839",
  "type": "template",
  "template": {
    "name": "menukit_order_accepted_payment_required_template",
    "language": {
      "code": "en"
    },
    "components": [
      {
        "type": "body",
        "parameters": [
          {
            "type": "text",
            "text": "Sivarajan"
          },
          {
            "type": "text",
            "text": "26"
          },
          {
            "type": "text",
            "text": "Siva Hotel"
          },
          {
            "type": "text",
            "text": "\u20b94.22"
          }
        ]
      },
      {
        "type": "button",
        "sub_type": "url",
        "index": "0",
        "parameters": [
          {
            "type": "text",
            "text": "shop/50ad42ed-b9ff-446b-9f4c-7c15183ca84a/order/7569b1ce-1647-4d48-9c2a-afe09b88671f"
          }
        ]
      }
    ]
  }
}
[2026-09-29 17:49:11,093] INFO - 📥 WhatsApp Meta API Response (200): {"messaging_product":"whatsapp","contacts":[{"input":"918248692839","wa_id":"918248692839"}],"messages":[{"id":"wamid.HBgMOTE4MjQ4NjkyODM5FQIAERgSOTQyRjVCOTFBRkFGMjRBODk3AA==","message_status":"accepted"}]}
[2026-10-01 16:58:29,257] INFO - 📤 Outgoing WhatsApp Payload:
{
  "messaging_product": "whatsapp",
  "to": "918248692839",
  "type": "template",
  "template": {
    "name": "menukit_order_created",
    "language": {
      "code": "en"
    },
    "components": [
      {
        "type": "body",
        "parameters": [
          {
            "type": "text",
            "text": "Sivarajan"
          },
          {
            "type": "text",
            "text": "Siva Hotel"
          },
          {
            "type": "text",
            "text": "#2"
          },
          {
            "type": "text",
            "text": "\u20b927.00"
          },
          {
            "type": "text",
            "text": "https://menukit.debuggerstechnologies.com/customer/"
          }
        ]
      }
    ]
  }
}
[2026-10-01 16:58:35,485] INFO - 📥 WhatsApp Meta API Response (200): {"messaging_product":"whatsapp","contacts":[{"input":"918248692839","wa_id":"918248692839"}],"messages":[{"id":"wamid.HBgMOTE4MjQ4NjkyODM5FQIAERgSRTExRDZDQzIwMDBBRkQ3ODNBAA==","message_status":"accepted"}]}
[2026-10-02 21:59:00,524] INFO - 📤 Outgoing WhatsApp Payload:
{
  "messaging_product": "whatsapp",
  "to": "918248692839",
  "type": "template",
  "template": {
    "name": "menukit_order_accepted_payment_required_template",
    "language": {
      "code": "en"
    },
    "components": [
      {
        "type": "body",
        "parameters": [
          {
            "type": "text",
            "text": "Sivarajan"
          },
          {
            "type": "text",
            "text": "4"
          },
          {
            "type": "text",
            "text": "Siva Hotel"
          },
          {
            "type": "text",
            "text": "\u20b95.28"
          }
        ]
      },
      {
        "type": "button",
        "sub_type": "url",
        "index": "0",
        "parameters": [
          {
            "type": "text",
            "text": "shop/50ad42ed-b9ff-446b-9f4c-7c15183ca84a/order/65413eec-09ea-4bc9-b8d4-a942ac7b0df8"
          }
        ]
      }
    ]
  }
}
[2026-10-02 21:59:23,421] INFO - 📥 WhatsApp Meta API Response (200): {"messaging_product":"whatsapp","contacts":[{"input":"918248692839","wa_id":"918248692839"}],"messages":[{"id":"wamid.HBgMOTE4MjQ4NjkyODM5FQIAERgSNjA3NzkwNEQwMjZBRkM1MkM4AA==","message_status":"accepted"}]}
[2026-10-02 22:12:05,989] INFO - 📤 Outgoing WhatsApp Payload:
{
  "messaging_product": "whatsapp",
  "to": "918248692839",
  "type": "template",
  "template": {
    "name": "menukit_order_accepted_payment_required_template",
    "language": {
      "code": "en"
    },
    "components": [
      {
        "type": "body",
        "parameters": [
          {
            "type": "text",
            "text": "Sivarajan"
          },
          {
            "type": "text",
            "text": "6"
          },
          {
            "type": "text",
            "text": "Siva Hotel"
          },
          {
            "type": "text",
            "text": "\u20b95.28"
          }
        ]
      },
      {
        "type": "button",
        "sub_type": "url",
        "index": "0",
        "parameters": [
          {
            "type": "text",
            "text": "shop/50ad42ed-b9ff-446b-9f4c-7c15183ca84a/order/a7d5445b-11c0-4cd7-9634-f66c6989575a"
          }
        ]
      }
    ]
  }
}
[2026-10-02 22:12:13,982] INFO - 📥 WhatsApp Meta API Response (200): {"messaging_product":"whatsapp","contacts":[{"input":"918248692839","wa_id":"918248692839"}],"messages":[{"id":"wamid.HBgMOTE4MjQ4NjkyODM5FQIAERgSNDRENDcyNUEyOENDMUE5QjE5AA==","message_status":"accepted"}]}
[2026-10-02 22:36:52,284] INFO - 📤 Outgoing WhatsApp Payload:
{
  "messaging_product": "whatsapp",
  "to": "918248692839",
  "type": "template",
  "template": {
    "name": "menukit_order_created",
    "language": {
      "code": "en"
    },
    "components": [
      {
        "type": "body",
        "parameters": [
          {
            "type": "text",
            "text": "Sivarajan"
          },
          {
            "type": "text",
            "text": "Siva Hotel"
          },
          {
            "type": "text",
            "text": "#8"
          },
          {
            "type": "text",
            "text": "\u20b95.00"
          },
          {
            "type": "text",
            "text": "https://menukit.debuggerstechnologies.com/customer/"
          }
        ]
      }
    ]
  }
}
[2026-10-02 22:37:13,933] INFO - 📥 WhatsApp Meta API Response (200): {"messaging_product":"whatsapp","contacts":[{"input":"918248692839","wa_id":"918248692839"}],"messages":[{"id":"wamid.HBgMOTE4MjQ4NjkyODM5FQIAERgSOUVDQjQzQ0RERERGNjcwNDA0AA==","message_status":"accepted"}]}
[2026-10-03 00:12:02,735] INFO - 📤 Outgoing WhatsApp Payload:
{
  "messaging_product": "whatsapp",
  "to": "918248692839",
  "type": "template",
  "template": {
    "name": "menukit_order_accepted_payment_required_template",
    "language": {
      "code": "en"
    },
    "components": [
      {
        "type": "body",
        "parameters": [
          {
            "type": "text",
            "text": "Sivarajan"
          },
          {
            "type": "text",
            "text": "1"
          },
          {
            "type": "text",
            "text": "Test Crackers Shop 11 ef"
          },
          {
            "type": "text",
            "text": "\u20b91.06"
          }
        ]
      },
      {
        "type": "button",
        "sub_type": "url",
        "index": "0",
        "parameters": [
          {
            "type": "text",
            "text": "shop/9fd95425-0855-45cc-9fa2-e32d2fec33c7/order/33d947ca-4e2b-47c5-bcb7-17f7bd27bfe6"
          }
        ]
      }
    ]
  }
}
[2026-10-03 00:12:05,143] INFO - 📥 WhatsApp Meta API Response (200): {"messaging_product":"whatsapp","contacts":[{"input":"918248692839","wa_id":"918248692839"}],"messages":[{"id":"wamid.HBgMOTE4MjQ4NjkyODM5FQIAERgSMkVBNDFENkYzQTJDQTU2Njk3AA==","message_status":"accepted"}]}
[2026-10-03 00:39:12,503] INFO - 📤 Outgoing WhatsApp Payload:
{
  "messaging_product": "whatsapp",
  "to": "918248692839",
  "type": "template",
  "template": {
    "name": "menukit_order_accepted_payment_required_template",
    "language": {
      "code": "en"
    },
    "components": [
      {
        "type": "body",
        "parameters": [
          {
            "type": "text",
            "text": "Sivarajan"
          },
          {
            "type": "text",
            "text": "3"
          },
          {
            "type": "text",
            "text": "Test Crackers Shop 11 ef"
          },
          {
            "type": "text",
            "text": "\u20b91.05"
          }
        ]
      },
      {
        "type": "button",
        "sub_type": "url",
        "index": "0",
        "parameters": [
          {
            "type": "text",
            "text": "shop/9fd95425-0855-45cc-9fa2-e32d2fec33c7/order/25e07a58-ba2e-401d-9de0-383513a6c727"
          }
        ]
      }
    ]
  }
}
[2026-10-03 00:39:14,784] INFO - 📥 WhatsApp Meta API Response (200): {"messaging_product":"whatsapp","contacts":[{"input":"918248692839","wa_id":"918248692839"}],"messages":[{"id":"wamid.HBgMOTE4MjQ4NjkyODM5FQIAERgSMzhDQjc0NTBFM0UxRTEzOTIxAA==","message_status":"accepted"}]}
[2026-10-03 00:50:42,079] INFO - 📤 Outgoing WhatsApp Payload:
{
  "messaging_product": "whatsapp",
  "to": "918248692839",
  "type": "template",
  "template": {
    "name": "menukit_order_accepted_payment_required_template",
    "language": {
      "code": "en"
    },
    "components": [
      {
        "type": "body",
        "parameters": [
          {
            "type": "text",
            "text": "Sivarajan"
          },
          {
            "type": "text",
            "text": "4"
          },
          {
            "type": "text",
            "text": "Test Crackers Shop 11 ef"
          },
          {
            "type": "text",
            "text": "\u20b92.11"
          }
        ]
      },
      {
        "type": "button",
        "sub_type": "url",
        "index": "0",
        "parameters": [
          {
            "type": "text",
            "text": "shop/9fd95425-0855-45cc-9fa2-e32d2fec33c7/order/58653a84-b4b7-4def-a2c9-be46b08727a7"
          }
        ]
      }
    ]
  }
}
[2026-10-03 00:50:44,002] INFO - 📥 WhatsApp Meta API Response (200): {"messaging_product":"whatsapp","contacts":[{"input":"918248692839","wa_id":"918248692839"}],"messages":[{"id":"wamid.HBgMOTE4MjQ4NjkyODM5FQIAERgSRUZBRUY5RThCNEZGN0U0NzM3AA==","message_status":"accepted"}]}
[2026-10-03 00:56:00,740] INFO - 📤 Outgoing WhatsApp Payload:
{
  "messaging_product": "whatsapp",
  "to": "918248692839",
  "type": "template",
  "template": {
    "name": "menukit_order_accepted_payment_required_template",
    "language": {
      "code": "en"
    },
    "components": [
      {
        "type": "body",
        "parameters": [
          {
            "type": "text",
            "text": "Sivarajan"
          },
          {
            "type": "text",
            "text": "5"
          },
          {
            "type": "text",
            "text": "Test Crackers Shop 11 ef"
          },
          {
            "type": "text",
            "text": "\u20b91.05"
          }
        ]
      },
      {
        "type": "button",
        "sub_type": "url",
        "index": "0",
        "parameters": [
          {
            "type": "text",
            "text": "shop/9fd95425-0855-45cc-9fa2-e32d2fec33c7/order/7d933731-46c4-410a-8b11-4657e0f176ab"
          }
        ]
      }
    ]
  }
}
[2026-10-03 00:56:45,933] INFO - 📤 Outgoing WhatsApp Payload:
{
  "messaging_product": "whatsapp",
  "to": "918248692839",
  "type": "template",
  "template": {
    "name": "menukit_order_created",
    "language": {
      "code": "en"
    },
    "components": [
      {
        "type": "body",
        "parameters": [
          {
            "type": "text",
            "text": "Sivarajan"
          },
          {
            "type": "text",
            "text": "Test Crackers Shop 11 ef"
          },
          {
            "type": "text",
            "text": "#5"
          },
          {
            "type": "text",
            "text": "\u20b91.05"
          },
          {
            "type": "text",
            "text": "https://menukit.debuggerstechnologies.com/customer/"
          }
        ]
      }
    ]
  }
}
[2026-10-03 00:57:01,398] INFO - 📥 WhatsApp Meta API Response (200): {"messaging_product":"whatsapp","contacts":[{"input":"918248692839","wa_id":"918248692839"}],"messages":[{"id":"wamid.HBgMOTE4MjQ4NjkyODM5FQIAERgSNUI3QkZDQTdFQzFGNTZBNTQ3AA==","message_status":"accepted"}]}
[2026-10-03 00:57:03,857] INFO - 📥 WhatsApp Meta API Response (200): {"messaging_product":"whatsapp","contacts":[{"input":"918248692839","wa_id":"918248692839"}],"messages":[{"id":"wamid.HBgMOTE4MjQ4NjkyODM5FQIAERgSMDU1MDg1QTZGNDY3QkM5RjI4AA==","message_status":"accepted"}]}
[2026-10-03 01:15:12,371] INFO - 📤 Outgoing WhatsApp Payload:
{
  "messaging_product": "whatsapp",
  "to": "918248692839",
  "type": "template",
  "template": {
    "name": "menukit_order_accepted_payment_required_template",
    "language": {
      "code": "en"
    },
    "components": [
      {
        "type": "body",
        "parameters": [
          {
            "type": "text",
            "text": "Sivarajan"
          },
          {
            "type": "text",
            "text": "4"
          },
          {
            "type": "text",
            "text": "Test Crackers Shop 11 ef"
          },
          {
            "type": "text",
            "text": "\u20b91.05"
          }
        ]
      },
      {
        "type": "button",
        "sub_type": "url",
        "index": "0",
        "parameters": [
          {
            "type": "text",
            "text": "shop/9fd95425-0855-45cc-9fa2-e32d2fec33c7/order/58653a84-b4b7-4def-a2c9-be46b08727a7"
          }
        ]
      }
    ]
  }
}
[2026-10-03 01:15:15,503] INFO - 📥 WhatsApp Meta API Response (200): {"messaging_product":"whatsapp","contacts":[{"input":"918248692839","wa_id":"918248692839"}],"messages":[{"id":"wamid.HBgMOTE4MjQ4NjkyODM5FQIAERgSM0NBQjhDRDM1NDYxNkVBNzkxAA==","message_status":"accepted"}]}
[2026-10-03 01:22:39,818] INFO - 📤 Outgoing WhatsApp Payload:
{
  "messaging_product": "whatsapp",
  "to": "918248692839",
  "type": "template",
  "template": {
    "name": "menukit_order_accepted_payment_required_template",
    "language": {
      "code": "en"
    },
    "components": [
      {
        "type": "body",
        "parameters": [
          {
            "type": "text",
            "text": "Sivarajan"
          },
          {
            "type": "text",
            "text": "7"
          },
          {
            "type": "text",
            "text": "Test Crackers Shop 11 ef"
          },
          {
            "type": "text",
            "text": "\u20b92.11"
          }
        ]
      },
      {
        "type": "button",
        "sub_type": "url",
        "index": "0",
        "parameters": [
          {
            "type": "text",
            "text": "shop/9fd95425-0855-45cc-9fa2-e32d2fec33c7/order/924114f6-c0dc-4dee-be06-7a0f9f91b237"
          }
        ]
      }
    ]
  }
}
[2026-10-03 01:22:41,890] INFO - 📥 WhatsApp Meta API Response (200): {"messaging_product":"whatsapp","contacts":[{"input":"918248692839","wa_id":"918248692839"}],"messages":[{"id":"wamid.HBgMOTE4MjQ4NjkyODM5FQIAERgSMEJCQjBBNjc0MTUyOEY0QTIyAA==","message_status":"accepted"}]}
[2026-10-03 01:22:43,596] INFO - 📤 Outgoing WhatsApp Payload:
{
  "messaging_product": "whatsapp",
  "to": "918248692839",
  "type": "template",
  "template": {
    "name": "menukit_order_created",
    "language": {
      "code": "en"
    },
    "components": [
      {
        "type": "body",
        "parameters": [
          {
            "type": "text",
            "text": "Sivarajan"
          },
          {
            "type": "text",
            "text": "Test Crackers Shop 11 ef"
          },
          {
            "type": "text",
            "text": "#7"
          },
          {
            "type": "text",
            "text": "\u20b92.11"
          },
          {
            "type": "text",
            "text": "https://menukit.debuggerstechnologies.com/customer/"
          }
        ]
      }
    ]
  }
}
[2026-10-03 01:22:47,009] INFO - 📥 WhatsApp Meta API Response (200): {"messaging_product":"whatsapp","contacts":[{"input":"918248692839","wa_id":"918248692839"}],"messages":[{"id":"wamid.HBgMOTE4MjQ4NjkyODM5FQIAERgSOThEQjIwQkRBQkZFRTBEMjlDAA==","message_status":"accepted"}]}
[2026-10-03 01:28:48,786] INFO - 📤 Outgoing WhatsApp Payload:
{
  "messaging_product": "whatsapp",
  "to": "918248692839",
  "type": "template",
  "template": {
    "name": "menukit_order_refund_template",
    "language": {
      "code": "en"
    },
    "components": [
      {
        "type": "body",
        "parameters": [
          {
            "type": "text",
            "text": "Sivarajan"
          },
          {
            "type": "text",
            "text": "7"
          },
          {
            "type": "text",
            "text": "Test Crackers Shop 11 ef"
          },
          {
            "type": "text",
            "text": "Replaced with Kambi Mathapu = \u20b91"
          },
          {
            "type": "text",
            "text": "Customer changed item preference"
          },
          {
            "type": "text",
            "text": "1"
          },
          {
            "type": "text",
            "text": "7"
          },
          {
            "type": "text",
            "text": "Online"
          },
          {
            "type": "text",
            "text": "5-7"
          }
        ]
      },
      {
        "type": "button",
        "sub_type": "url",
        "index": "0",
        "parameters": [
          {
            "type": "text",
            "text": "shop/9fd95425-0855-45cc-9fa2-e32d2fec33c7/order/924114f6-c0dc-4dee-be06-7a0f9f91b237"
          }
        ]
      }
    ]
  }
}
[2026-10-03 01:28:53,017] INFO - 📥 WhatsApp Meta API Response (200): {"messaging_product":"whatsapp","contacts":[{"input":"918248692839","wa_id":"918248692839"}],"messages":[{"id":"wamid.HBgMOTE4MjQ4NjkyODM5FQIAERgSQzRBRERFQ0ZDRTU4NERGODQ5AA==","message_status":"accepted"}]}
[2026-10-03 01:39:21,944] INFO - 📤 Outgoing WhatsApp Payload:
{
  "messaging_product": "whatsapp",
  "to": "918248692839",
  "type": "template",
  "template": {
    "name": "menukit_order_refund_template",
    "language": {
      "code": "en"
    },
    "components": [
      {
        "type": "body",
        "parameters": [
          {
            "type": "text",
            "text": "Sivarajan"
          },
          {
            "type": "text",
            "text": "7"
          },
          {
            "type": "text",
            "text": "Test Crackers Shop 11 ef"
          },
          {
            "type": "text",
            "text": "Pattani Vedi x 1 = \u20b91"
          },
          {
            "type": "text",
            "text": "Customer cancelled request"
          },
          {
            "type": "text",
            "text": "1"
          },
          {
            "type": "text",
            "text": "7"
          },
          {
            "type": "text",
            "text": "Online"
          },
          {
            "type": "text",
            "text": "5-7"
          }
        ]
      },
      {
        "type": "button",
        "sub_type": "url",
        "index": "0",
        "parameters": [
          {
            "type": "text",
            "text": "shop/9fd95425-0855-45cc-9fa2-e32d2fec33c7/order/924114f6-c0dc-4dee-be06-7a0f9f91b237"
          }
        ]
      }
    ]
  }
}
[2026-10-03 01:39:23,885] INFO - 📥 WhatsApp Meta API Response (200): {"messaging_product":"whatsapp","contacts":[{"input":"918248692839","wa_id":"918248692839"}],"messages":[{"id":"wamid.HBgMOTE4MjQ4NjkyODM5FQIAERgSNTY3NjZEMEY5Q0IyM0U3RDVGAA==","message_status":"accepted"}]}
[2026-10-03 01:41:12,842] INFO - 📤 Outgoing WhatsApp Payload:
{
  "messaging_product": "whatsapp",
  "to": "918248692839",
  "type": "template",
  "template": {
    "name": "menukit_order_refund_template",
    "language": {
      "code": "en"
    },
    "components": [
      {
        "type": "body",
        "parameters": [
          {
            "type": "text",
            "text": "Sivarajan"
          },
          {
            "type": "text",
            "text": "7"
          },
          {
            "type": "text",
            "text": "Test Crackers Shop 11 ef"
          },
          {
            "type": "text",
            "text": "Pattani Vedi x 1 = \u20b91"
          },
          {
            "type": "text",
            "text": "Customer cancelled request"
          },
          {
            "type": "text",
            "text": "1"
          },
          {
            "type": "text",
            "text": "7"
          },
          {
            "type": "text",
            "text": "Online"
          },
          {
            "type": "text",
            "text": "5-7"
          }
        ]
      },
      {
        "type": "button",
        "sub_type": "url",
        "index": "0",
        "parameters": [
          {
            "type": "text",
            "text": "shop/9fd95425-0855-45cc-9fa2-e32d2fec33c7/order/924114f6-c0dc-4dee-be06-7a0f9f91b237"
          }
        ]
      }
    ]
  }
}
[2026-10-03 01:41:14,679] INFO - 📥 WhatsApp Meta API Response (200): {"messaging_product":"whatsapp","contacts":[{"input":"918248692839","wa_id":"918248692839"}],"messages":[{"id":"wamid.HBgMOTE4MjQ4NjkyODM5FQIAERgSQzVFN0M2NkE5MjU0OTgyNDI5AA==","message_status":"accepted"}]}
[2026-10-03 01:43:25,859] INFO - 📤 Outgoing WhatsApp Payload:
{
  "messaging_product": "whatsapp",
  "to": "918248692839",
  "type": "template",
  "template": {
    "name": "menukit_order_accepted_payment_required_template",
    "language": {
      "code": "en"
    },
    "components": [
      {
        "type": "body",
        "parameters": [
          {
            "type": "text",
            "text": "Sivarajan"
          },
          {
            "type": "text",
            "text": "8"
          },
          {
            "type": "text",
            "text": "Test Crackers Shop 11 ef"
          },
          {
            "type": "text",
            "text": "\u20b91.05"
          }
        ]
      },
      {
        "type": "button",
        "sub_type": "url",
        "index": "0",
        "parameters": [
          {
            "type": "text",
            "text": "shop/9fd95425-0855-45cc-9fa2-e32d2fec33c7/order/c74bfa22-cbda-431d-8cc0-8516ff15a90c"
          }
        ]
      }
    ]
  }
}
[2026-10-03 01:43:27,396] INFO - 📥 WhatsApp Meta API Response (200): {"messaging_product":"whatsapp","contacts":[{"input":"918248692839","wa_id":"918248692839"}],"messages":[{"id":"wamid.HBgMOTE4MjQ4NjkyODM5FQIAERgSOTMyREEwRDU0OEU1MjBBRTEzAA==","message_status":"accepted"}]}
[2026-10-03 01:43:28,440] INFO - 📤 Outgoing WhatsApp Payload:
{
  "messaging_product": "whatsapp",
  "to": "918248692839",
  "type": "template",
  "template": {
    "name": "menukit_order_created",
    "language": {
      "code": "en"
    },
    "components": [
      {
        "type": "body",
        "parameters": [
          {
            "type": "text",
            "text": "Sivarajan"
          },
          {
            "type": "text",
            "text": "Test Crackers Shop 11 ef"
          },
          {
            "type": "text",
            "text": "#8"
          },
          {
            "type": "text",
            "text": "\u20b91.05"
          },
          {
            "type": "text",
            "text": "https://menukit.debuggerstechnologies.com/customer/"
          }
        ]
      }
    ]
  }
}
[2026-10-03 01:43:30,185] INFO - 📥 WhatsApp Meta API Response (200): {"messaging_product":"whatsapp","contacts":[{"input":"918248692839","wa_id":"918248692839"}],"messages":[{"id":"wamid.HBgMOTE4MjQ4NjkyODM5FQIAERgSMTFGOUJFRjVEMDQ2MkFERkMxAA==","message_status":"accepted"}]}
[2026-10-03 01:43:46,462] INFO - 📤 Outgoing WhatsApp Payload:
{
  "messaging_product": "whatsapp",
  "to": "918248692839",
  "type": "template",
  "template": {
    "name": "menukit_order_accepted_payment_required_template",
    "language": {
      "code": "en"
    },
    "components": [
      {
        "type": "body",
        "parameters": [
          {
            "type": "text",
            "text": "Sivarajan"
          },
          {
            "type": "text",
            "text": "8"
          },
          {
            "type": "text",
            "text": "Test Crackers Shop 11 ef"
          },
          {
            "type": "text",
            "text": "\u20b91.05"
          }
        ]
      },
      {
        "type": "button",
        "sub_type": "url",
        "index": "0",
        "parameters": [
          {
            "type": "text",
            "text": "shop/9fd95425-0855-45cc-9fa2-e32d2fec33c7/order/c74bfa22-cbda-431d-8cc0-8516ff15a90c"
          }
        ]
      }
    ]
  }
}
[2026-10-03 01:43:48,092] INFO - 📥 WhatsApp Meta API Response (200): {"messaging_product":"whatsapp","contacts":[{"input":"918248692839","wa_id":"918248692839"}],"messages":[{"id":"wamid.HBgMOTE4MjQ4NjkyODM5FQIAERgSRENDRUUwRUExRkY0QjUwNTQ0AA==","message_status":"accepted"}]}
[2026-10-03 01:44:03,411] INFO - 📤 Outgoing WhatsApp Payload:
{
  "messaging_product": "whatsapp",
  "to": "918248692839",
  "type": "template",
  "template": {
    "name": "menukit_order_created",
    "language": {
      "code": "en"
    },
    "components": [
      {
        "type": "body",
        "parameters": [
          {
            "type": "text",
            "text": "Sivarajan"
          },
          {
            "type": "text",
            "text": "Test Crackers Shop 11 ef"
          },
          {
            "type": "text",
            "text": "#8"
          },
          {
            "type": "text",
            "text": "\u20b92.11"
          },
          {
            "type": "text",
            "text": "https://menukit.debuggerstechnologies.com/customer/"
          }
        ]
      }
    ]
  }
}
[2026-10-03 01:44:05,373] INFO - 📥 WhatsApp Meta API Response (200): {"messaging_product":"whatsapp","contacts":[{"input":"918248692839","wa_id":"918248692839"}],"messages":[{"id":"wamid.HBgMOTE4MjQ4NjkyODM5FQIAERgSMzZDMDVDNEUwNjBDNDZEQUEwAA==","message_status":"accepted"}]}
[2026-10-03 01:44:19,921] INFO - 📤 Outgoing WhatsApp Payload:
{
  "messaging_product": "whatsapp",
  "to": "918248692839",
  "type": "template",
  "template": {
    "name": "menukit_order_refund_template",
    "language": {
      "code": "en"
    },
    "components": [
      {
        "type": "body",
        "parameters": [
          {
            "type": "text",
            "text": "Sivarajan"
          },
          {
            "type": "text",
            "text": "8"
          },
          {
            "type": "text",
            "text": "Test Crackers Shop 11 ef"
          },
          {
            "type": "text",
            "text": "Pattani Vedi x 1 = \u20b92"
          },
          {
            "type": "text",
            "text": "Customer cancelled request"
          },
          {
            "type": "text",
            "text": "2"
          },
          {
            "type": "text",
            "text": "8"
          },
          {
            "type": "text",
            "text": "Online"
          },
          {
            "type": "text",
            "text": "5-7"
          }
        ]
      },
      {
        "type": "button",
        "sub_type": "url",
        "index": "0",
        "parameters": [
          {
            "type": "text",
            "text": "shop/9fd95425-0855-45cc-9fa2-e32d2fec33c7/order/c74bfa22-cbda-431d-8cc0-8516ff15a90c"
          }
        ]
      }
    ]
  }
}
[2026-10-03 01:44:21,662] INFO - 📥 WhatsApp Meta API Response (200): {"messaging_product":"whatsapp","contacts":[{"input":"918248692839","wa_id":"918248692839"}],"messages":[{"id":"wamid.HBgMOTE4MjQ4NjkyODM5FQIAERgSMEY5NDU4NDU3Q0U1QzE4RjU4AA==","message_status":"accepted"}]}
[2026-10-03 01:50:20,554] INFO - 📤 Outgoing WhatsApp Payload:
{
  "messaging_product": "whatsapp",
  "to": "918248692839",
  "type": "template",
  "template": {
    "name": "menukit_order_accepted_payment_required_template",
    "language": {
      "code": "en"
    },
    "components": [
      {
        "type": "body",
        "parameters": [
          {
            "type": "text",
            "text": "Sivarajan"
          },
          {
            "type": "text",
            "text": "9"
          },
          {
            "type": "text",
            "text": "Test Crackers Shop 11 ef"
          },
          {
            "type": "text",
            "text": "\u20b92.11"
          }
        ]
      },
      {
        "type": "button",
        "sub_type": "url",
        "index": "0",
        "parameters": [
          {
            "type": "text",
            "text": "shop/9fd95425-0855-45cc-9fa2-e32d2fec33c7/order/88843567-e543-4bba-a2a7-2a531134c8b1"
          }
        ]
      }
    ]
  }
}
[2026-10-03 01:50:29,486] INFO - 📥 WhatsApp Meta API Response (200): {"messaging_product":"whatsapp","contacts":[{"input":"918248692839","wa_id":"918248692839"}],"messages":[{"id":"wamid.HBgMOTE4MjQ4NjkyODM5FQIAERgSNDREQkFDRjRCMDBCMTVDMUM1AA==","message_status":"accepted"}]}
[2026-10-03 01:50:31,224] INFO - 📤 Outgoing WhatsApp Payload:
{
  "messaging_product": "whatsapp",
  "to": "918248692839",
  "type": "template",
  "template": {
    "name": "menukit_order_created",
    "language": {
      "code": "en"
    },
    "components": [
      {
        "type": "body",
        "parameters": [
          {
            "type": "text",
            "text": "Sivarajan"
          },
          {
            "type": "text",
            "text": "Test Crackers Shop 11 ef"
          },
          {
            "type": "text",
            "text": "#9"
          },
          {
            "type": "text",
            "text": "\u20b92.11"
          },
          {
            "type": "text",
            "text": "https://menukit.debuggerstechnologies.com/customer/"
          }
        ]
      }
    ]
  }
}
[2026-10-03 01:50:37,057] INFO - 📥 WhatsApp Meta API Response (200): {"messaging_product":"whatsapp","contacts":[{"input":"918248692839","wa_id":"918248692839"}],"messages":[{"id":"wamid.HBgMOTE4MjQ4NjkyODM5FQIAERgSRUE2NUNDOUIyQUFDMDUyQTEyAA==","message_status":"accepted"}]}
[2026-10-03 01:50:57,210] INFO - 📤 Outgoing WhatsApp Payload:
{
  "messaging_product": "whatsapp",
  "to": "918248692839",
  "type": "template",
  "template": {
    "name": "menukit_order_refund_template",
    "language": {
      "code": "en"
    },
    "components": [
      {
        "type": "body",
        "parameters": [
          {
            "type": "text",
            "text": "Sivarajan"
          },
          {
            "type": "text",
            "text": "9"
          },
          {
            "type": "text",
            "text": "Test Crackers Shop 11 ef"
          },
          {
            "type": "text",
            "text": "Replaced with Kambi Mathapu = \u20b91"
          },
          {
            "type": "text",
            "text": "Customer changed item preference"
          },
          {
            "type": "text",
            "text": "1"
          },
          {
            "type": "text",
            "text": "9"
          },
          {
            "type": "text",
            "text": "Online"
          },
          {
            "type": "text",
            "text": "5-7"
          }
        ]
      },
      {
        "type": "button",
        "sub_type": "url",
        "index": "0",
        "parameters": [
          {
            "type": "text",
            "text": "shop/9fd95425-0855-45cc-9fa2-e32d2fec33c7/order/88843567-e543-4bba-a2a7-2a531134c8b1"
          }
        ]
      }
    ]
  }
}
[2026-10-03 01:51:02,258] INFO - 📥 WhatsApp Meta API Response (200): {"messaging_product":"whatsapp","contacts":[{"input":"918248692839","wa_id":"918248692839"}],"messages":[{"id":"wamid.HBgMOTE4MjQ4NjkyODM5FQIAERgSNDE0RkE0ODgwN0NGMUIyNTEzAA==","message_status":"accepted"}]}
[2026-10-03 01:51:31,948] INFO - 📤 Outgoing WhatsApp Payload:
{
  "messaging_product": "whatsapp",
  "to": "918248692839",
  "type": "template",
  "template": {
    "name": "menukit_order_accepted_payment_required_template",
    "language": {
      "code": "en"
    },
    "components": [
      {
        "type": "body",
        "parameters": [
          {
            "type": "text",
            "text": "Sivarajan"
          },
          {
            "type": "text",
            "text": "9"
          },
          {
            "type": "text",
            "text": "Test Crackers Shop 11 ef"
          },
          {
            "type": "text",
            "text": "\u20b91.05"
          }
        ]
      },
      {
        "type": "button",
        "sub_type": "url",
        "index": "0",
        "parameters": [
          {
            "type": "text",
            "text": "shop/9fd95425-0855-45cc-9fa2-e32d2fec33c7/order/88843567-e543-4bba-a2a7-2a531134c8b1"
          }
        ]
      }
    ]
  }
}
[2026-10-03 01:51:39,405] INFO - 📥 WhatsApp Meta API Response (200): {"messaging_product":"whatsapp","contacts":[{"input":"918248692839","wa_id":"918248692839"}],"messages":[{"id":"wamid.HBgMOTE4MjQ4NjkyODM5FQIAERgSRDVENDE4OUREODUzMjE3QzBEAA==","message_status":"accepted"}]}
[2026-10-03 01:52:00,226] INFO - 📤 Outgoing WhatsApp Payload:
{
  "messaging_product": "whatsapp",
  "to": "918248692839",
  "type": "template",
  "template": {
    "name": "menukit_order_created",
    "language": {
      "code": "en"
    },
    "components": [
      {
        "type": "body",
        "parameters": [
          {
            "type": "text",
            "text": "Sivarajan"
          },
          {
            "type": "text",
            "text": "Test Crackers Shop 11 ef"
          },
          {
            "type": "text",
            "text": "#9"
          },
          {
            "type": "text",
            "text": "\u20b92.11"
          },
          {
            "type": "text",
            "text": "https://menukit.debuggerstechnologies.com/customer/"
          }
        ]
      }
    ]
  }
}
[2026-10-03 01:52:04,715] INFO - 📥 WhatsApp Meta API Response (200): {"messaging_product":"whatsapp","contacts":[{"input":"918248692839","wa_id":"918248692839"}],"messages":[{"id":"wamid.HBgMOTE4MjQ4NjkyODM5FQIAERgSMUZDMDBEMDNGRTA3MTAwNDBFAA==","message_status":"accepted"}]}
[2026-10-03 01:52:21,145] INFO - 📤 Outgoing WhatsApp Payload:
{
  "messaging_product": "whatsapp",
  "to": "918248692839",
  "type": "template",
  "template": {
    "name": "menukit_order_refund_template",
    "language": {
      "code": "en"
    },
    "components": [
      {
        "type": "body",
        "parameters": [
          {
            "type": "text",
            "text": "Sivarajan"
          },
          {
            "type": "text",
            "text": "9"
          },
          {
            "type": "text",
            "text": "Test Crackers Shop 11 ef"
          },
          {
            "type": "text",
            "text": "Pattani Vedi x 1 = \u20b92"
          },
          {
            "type": "text",
            "text": "Customer cancelled request"
          },
          {
            "type": "text",
            "text": "2"
          },
          {
            "type": "text",
            "text": "9"
          },
          {
            "type": "text",
            "text": "Online"
          },
          {
            "type": "text",
            "text": "5-7"
          }
        ]
      },
      {
        "type": "button",
        "sub_type": "url",
        "index": "0",
        "parameters": [
          {
            "type": "text",
            "text": "shop/9fd95425-0855-45cc-9fa2-e32d2fec33c7/order/88843567-e543-4bba-a2a7-2a531134c8b1"
          }
        ]
      }
    ]
  }
}
[2026-10-03 01:52:26,117] INFO - 📥 WhatsApp Meta API Response (200): {"messaging_product":"whatsapp","contacts":[{"input":"918248692839","wa_id":"918248692839"}],"messages":[{"id":"wamid.HBgMOTE4MjQ4NjkyODM5FQIAERgSNkU2Qjg2OTRFREMzNzYwN0Y0AA==","message_status":"accepted"}]}
[2026-10-03 01:55:20,447] INFO - 📤 Outgoing WhatsApp Payload:
{
  "messaging_product": "whatsapp",
  "to": "918248692839",
  "type": "template",
  "template": {
    "name": "menukit_order_created",
    "language": {
      "code": "en"
    },
    "components": [
      {
        "type": "body",
        "parameters": [
          {
            "type": "text",
            "text": "Sivarajan"
          },
          {
            "type": "text",
            "text": "Test Crackers Shop 11 ef"
          },
          {
            "type": "text",
            "text": "#10"
          },
          {
            "type": "text",
            "text": "\u20b91.05"
          },
          {
            "type": "text",
            "text": "https://menukit.debuggerstechnologies.com/customer/"
          }
        ]
      }
    ]
  }
}
[2026-10-03 01:55:31,633] INFO - 📥 WhatsApp Meta API Response (200): {"messaging_product":"whatsapp","contacts":[{"input":"918248692839","wa_id":"918248692839"}],"messages":[{"id":"wamid.HBgMOTE4MjQ4NjkyODM5FQIAERgSQjM0NjBBNEZDQzE0RTFEMTM4AA==","message_status":"accepted"}]}
[2026-10-03 01:55:35,088] INFO - 📤 Outgoing WhatsApp Payload:
{
  "messaging_product": "whatsapp",
  "to": "918248692839",
  "type": "template",
  "template": {
    "name": "menukit_order_refund_template",
    "language": {
      "code": "en"
    },
    "components": [
      {
        "type": "body",
        "parameters": [
          {
            "type": "text",
            "text": "Sivarajan"
          },
          {
            "type": "text",
            "text": "10"
          },
          {
            "type": "text",
            "text": "Test Crackers Shop 11 ef"
          },
          {
            "type": "text",
            "text": "Cancelled Order = Rs.1.00"
          },
          {
            "type": "text",
            "text": "Item out of stock / Ingredients unavailable"
          },
          {
            "type": "text",
            "text": "1"
          },
          {
            "type": "text",
            "text": "10"
          },
          {
            "type": "text",
            "text": "Online"
          },
          {
            "type": "text",
            "text": "5-7"
          }
        ]
      },
      {
        "type": "button",
        "sub_type": "url",
        "index": "0",
        "parameters": [
          {
            "type": "text",
            "text": "shop/9fd95425-0855-45cc-9fa2-e32d2fec33c7/order/1ecf6e9f-7b7f-4b19-9bf2-84a6e806e2e0"
          }
        ]
      }
    ]
  }
}
[2026-10-03 01:55:44,686] INFO - 📥 WhatsApp Meta API Response (200): {"messaging_product":"whatsapp","contacts":[{"input":"918248692839","wa_id":"918248692839"}],"messages":[{"id":"wamid.HBgMOTE4MjQ4NjkyODM5FQIAERgSNEIwQTAyMEM3ODk1RUQyODQ2AA==","message_status":"accepted"}]}
[2026-10-03 02:00:50,536] INFO - 📤 Outgoing WhatsApp Payload:
{
  "messaging_product": "whatsapp",
  "to": "918248692839",
  "type": "template",
  "template": {
    "name": "menukit_order_created",
    "language": {
      "code": "en"
    },
    "components": [
      {
        "type": "body",
        "parameters": [
          {
            "type": "text",
            "text": "Sivarajan"
          },
          {
            "type": "text",
            "text": "Test Crackers Shop 11 ef"
          },
          {
            "type": "text",
            "text": "#11"
          },
          {
            "type": "text",
            "text": "\u20b91.11"
          },
          {
            "type": "text",
            "text": "https://menukit.debuggerstechnologies.com/customer/"
          }
        ]
      }
    ]
  }
}
[2026-10-03 02:00:53,828] INFO - 📥 WhatsApp Meta API Response (200): {"messaging_product":"whatsapp","contacts":[{"input":"918248692839","wa_id":"918248692839"}],"messages":[{"id":"wamid.HBgMOTE4MjQ4NjkyODM5FQIAERgSQ0UyMDVFQzAxQUU4RkQ0QjdCAA==","message_status":"accepted"}]}
[2026-10-03 02:01:19,249] INFO - 📤 Outgoing WhatsApp Payload:
{
  "messaging_product": "whatsapp",
  "to": "918248692839",
  "type": "template",
  "template": {
    "name": "menukit_order_refund_template",
    "language": {
      "code": "en"
    },
    "components": [
      {
        "type": "body",
        "parameters": [
          {
            "type": "text",
            "text": "Sivarajan"
          },
          {
            "type": "text",
            "text": "11"
          },
          {
            "type": "text",
            "text": "Test Crackers Shop 11 ef"
          },
          {
            "type": "text",
            "text": "Cancelled Order = Rs.1.05"
          },
          {
            "type": "text",
            "text": "Item out of stock / Ingredients unavailable"
          },
          {
            "type": "text",
            "text": "1.05"
          },
          {
            "type": "text",
            "text": "11"
          },
          {
            "type": "text",
            "text": "Online"
          },
          {
            "type": "text",
            "text": "5-7"
          }
        ]
      },
      {
        "type": "button",
        "sub_type": "url",
        "index": "0",
        "parameters": [
          {
            "type": "text",
            "text": "shop/9fd95425-0855-45cc-9fa2-e32d2fec33c7/order/a135492a-2afd-46a3-aa3e-04890dfff8b2"
          }
        ]
      }
    ]
  }
}
[2026-10-03 02:01:21,185] INFO - 📥 WhatsApp Meta API Response (200): {"messaging_product":"whatsapp","contacts":[{"input":"918248692839","wa_id":"918248692839"}],"messages":[{"id":"wamid.HBgMOTE4MjQ4NjkyODM5FQIAERgSRDExQTBCRDdBNDEwOUEzNjM5AA==","message_status":"accepted"}]}
[2026-10-03 12:49:57,941] INFO - 📤 Outgoing WhatsApp Payload:
{
  "messaging_product": "whatsapp",
  "to": "918248692839",
  "type": "template",
  "template": {
    "name": "menukit_user_template",
    "language": {
      "code": "en"
    },
    "components": [
      {
        "type": "header",
        "parameters": [
          {
            "type": "image",
            "image": {
              "link": "https://www.shutterstock.com/shutterstock/photos/1044808597/display_1500/stock-vector--off-twenty-percent-off-discount-gold-and-blue-sign-vector-illustration-special-offer-1044808597.jpg"
            }
          }
        ]
      },
      {
        "type": "body",
        "parameters": [
          {
            "type": "text",
            "text": "Valued Customer"
          },
          {
            "type": "text",
            "text": "Test Crackers Shop 11 ef"
          },
          {
            "type": "text",
            "text": "We are currently providing a special 20% discount on all orders today! Visit our digital store now to claim your offer."
          }
        ]
      },
      {
        "type": "button",
        "sub_type": "url",
        "index": "0",
        "parameters": [
          {
            "type": "text",
            "text": "shop/9fd95425-0855-45cc-9fa2-e32d2fec33c7"
          }
        ]
      }
    ]
  }
}
[2026-10-03 12:49:59,590] INFO - 📥 WhatsApp Meta API Response (200): {"messaging_product":"whatsapp","contacts":[{"input":"918248692839","wa_id":"918248692839"}],"messages":[{"id":"wamid.HBgMOTE4MjQ4NjkyODM5FQIAERgSMTM4NUFBRkJGQUUzQUJFNDU2AA==","message_status":"accepted"}]}
[2026-10-03 13:03:50,827] INFO - 📤 Outgoing WhatsApp Payload:
{
  "messaging_product": "whatsapp",
  "to": "911234567890",
  "type": "template",
  "template": {
    "name": "menukit_order_created",
    "language": {
      "code": "en"
    },
    "components": [
      {
        "type": "body",
        "parameters": [
          {
            "type": "text",
            "text": "Csutomer A"
          },
          {
            "type": "text",
            "text": "Test Crackers Shop 11 ef"
          },
          {
            "type": "text",
            "text": "#14"
          },
          {
            "type": "text",
            "text": "\u20b90.89"
          },
          {
            "type": "text",
            "text": "https://menukit.debuggerstechnologies.com/customer/"
          }
        ]
      }
    ]
  }
}
[2026-10-03 13:03:53,129] INFO - 📥 WhatsApp Meta API Response (200): {"messaging_product":"whatsapp","contacts":[{"input":"911234567890","wa_id":"911234567890"}],"messages":[{"id":"wamid.HBgMOTExMjM0NTY3ODkwFQIAERgSMTg0NzlCMzlFRjFGNTc4NjBCAA==","message_status":"accepted"}]}
[2026-10-03 13:04:09,860] INFO - 📤 Outgoing WhatsApp Payload:
{
  "messaging_product": "whatsapp",
  "to": "911234567890",
  "type": "template",
  "template": {
    "name": "menukit_order_refund_template",
    "language": {
      "code": "en"
    },
    "components": [
      {
        "type": "body",
        "parameters": [
          {
            "type": "text",
            "text": "Csutomer A"
          },
          {
            "type": "text",
            "text": "14"
          },
          {
            "type": "text",
            "text": "Test Crackers Shop 11 ef"
          },
          {
            "type": "text",
            "text": "Cancelled Order = Rs.0.84"
          },
          {
            "type": "text",
            "text": "Item out of stock / Ingredients unavailable"
          },
          {
            "type": "text",
            "text": "0.84"
          },
          {
            "type": "text",
            "text": "14"
          },
          {
            "type": "text",
            "text": "Online"
          },
          {
            "type": "text",
            "text": "5-7"
          }
        ]
      },
      {
        "type": "button",
        "sub_type": "url",
        "index": "0",
        "parameters": [
          {
            "type": "text",
            "text": "shop/9fd95425-0855-45cc-9fa2-e32d2fec33c7/order/7df415ad-7be8-4453-855b-0c3618532daa"
          }
        ]
      }
    ]
  }
}
[2026-10-03 13:04:11,799] INFO - 📥 WhatsApp Meta API Response (200): {"messaging_product":"whatsapp","contacts":[{"input":"911234567890","wa_id":"911234567890"}],"messages":[{"id":"wamid.HBgMOTExMjM0NTY3ODkwFQIAERgSRDFEOEE1MDVCNkY2QjU0RDlDAA==","message_status":"accepted"}]}
[2026-10-03 13:10:29,161] INFO - 📤 Outgoing WhatsApp Payload:
{
  "messaging_product": "whatsapp",
  "to": "911234567890",
  "type": "template",
  "template": {
    "name": "menukit_order_created",
    "language": {
      "code": "en"
    },
    "components": [
      {
        "type": "body",
        "parameters": [
          {
            "type": "text",
            "text": "Csutomer A"
          },
          {
            "type": "text",
            "text": "Test Crackers Shop 11 ef"
          },
          {
            "type": "text",
            "text": "#15"
          },
          {
            "type": "text",
            "text": "\u20b91.11"
          },
          {
            "type": "text",
            "text": "https://menukit.debuggerstechnologies.com/customer/"
          }
        ]
      }
    ]
  }
}
[2026-10-03 13:10:30,780] INFO - 📥 WhatsApp Meta API Response (200): {"messaging_product":"whatsapp","contacts":[{"input":"911234567890","wa_id":"911234567890"}],"messages":[{"id":"wamid.HBgMOTExMjM0NTY3ODkwFQIAERgSMDdBOEIzQkI3Nzc2QzFENUY0AA==","message_status":"accepted"}]}
[2026-10-03 13:13:13,203] INFO - 📤 Outgoing WhatsApp Payload:
{
  "messaging_product": "whatsapp",
  "to": "911234567890",
  "type": "template",
  "template": {
    "name": "menukit_order_created",
    "language": {
      "code": "en"
    },
    "components": [
      {
        "type": "body",
        "parameters": [
          {
            "type": "text",
            "text": "Csutomer A"
          },
          {
            "type": "text",
            "text": "Test Crackers Shop 11 ef"
          },
          {
            "type": "text",
            "text": "#16"
          },
          {
            "type": "text",
            "text": "\u20b95.32"
          },
          {
            "type": "text",
            "text": "https://menukit.debuggerstechnologies.com/customer/"
          }
        ]
      }
    ]
  }
}
[2026-10-03 13:13:15,200] INFO - 📥 WhatsApp Meta API Response (200): {"messaging_product":"whatsapp","contacts":[{"input":"911234567890","wa_id":"911234567890"}],"messages":[{"id":"wamid.HBgMOTExMjM0NTY3ODkwFQIAERgSNTRFNzFFMjdFNEI5NUFCMzNGAA==","message_status":"accepted"}]}
[2026-10-03 13:14:36,554] INFO - 📤 Outgoing WhatsApp Payload:
{
  "messaging_product": "whatsapp",
  "to": "911234567890",
  "type": "template",
  "template": {
    "name": "menukit_order_created",
    "language": {
      "code": "en"
    },
    "components": [
      {
        "type": "body",
        "parameters": [
          {
            "type": "text",
            "text": "Csutomer A"
          },
          {
            "type": "text",
            "text": "Test Crackers Shop 11 ef"
          },
          {
            "type": "text",
            "text": "#17"
          },
          {
            "type": "text",
            "text": "\u20b91.11"
          },
          {
            "type": "text",
            "text": "https://menukit.debuggerstechnologies.com/customer/"
          }
        ]
      }
    ]
  }
}
[2026-10-03 13:14:38,459] INFO - 📥 WhatsApp Meta API Response (200): {"messaging_product":"whatsapp","contacts":[{"input":"911234567890","wa_id":"911234567890"}],"messages":[{"id":"wamid.HBgMOTExMjM0NTY3ODkwFQIAERgSQzNDQjQzRDcyMDM0NUZCNUIzAA==","message_status":"accepted"}]}
[2026-10-03 14:07:56,982] INFO - 📤 Outgoing WhatsApp Payload:
{
  "messaging_product": "whatsapp",
  "to": "911234567890",
  "type": "template",
  "template": {
    "name": "menukit_order_refund_template",
    "language": {
      "code": "en"
    },
    "components": [
      {
        "type": "body",
        "parameters": [
          {
            "type": "text",
            "text": "Csutomer A"
          },
          {
            "type": "text",
            "text": "15"
          },
          {
            "type": "text",
            "text": "Test Crackers Shop 11 ef"
          },
          {
            "type": "text",
            "text": "Cancelled Order = Rs.1.05"
          },
          {
            "type": "text",
            "text": "Item out of stock / Ingredients unavailable"
          },
          {
            "type": "text",
            "text": "1.05"
          },
          {
            "type": "text",
            "text": "15"
          },
          {
            "type": "text",
            "text": "Online"
          },
          {
            "type": "text",
            "text": "5-7"
          }
        ]
      },
      {
        "type": "button",
        "sub_type": "url",
        "index": "0",
        "parameters": [
          {
            "type": "text",
            "text": "shop/9fd95425-0855-45cc-9fa2-e32d2fec33c7/order/99bfbf69-db7d-4ce7-8544-9547f0db3883"
          }
        ]
      }
    ]
  }
}
[2026-10-03 14:07:58,336] INFO - 📥 WhatsApp Meta API Response (200): {"messaging_product":"whatsapp","contacts":[{"input":"911234567890","wa_id":"911234567890"}],"messages":[{"id":"wamid.HBgMOTExMjM0NTY3ODkwFQIAERgSOERCQTBDRjRGOThFOTFGRkYyAA==","message_status":"accepted"}]}
[2026-10-06 12:14:58,613] INFO - 📤 Outgoing WhatsApp Payload:
{
  "messaging_product": "whatsapp",
  "to": "911234567890",
  "type": "template",
  "template": {
    "name": "menukit_order_accepted_payment_required_template",
    "language": {
      "code": "en"
    },
    "components": [
      {
        "type": "body",
        "parameters": [
          {
            "type": "text",
            "text": "Csutomer A"
          },
          {
            "type": "text",
            "text": "3"
          },
          {
            "type": "text",
            "text": "tEST SHOP"
          },
          {
            "type": "text",
            "text": "\u20b91055.40"
          }
        ]
      },
      {
        "type": "button",
        "sub_type": "url",
        "index": "0",
        "parameters": [
          {
            "type": "text",
            "text": "shop/b46f230d-7f5c-4872-8349-204aa0c645d9/order/7ced8d64-e447-4f1c-b9a7-5a7f0de78d39"
          }
        ]
      }
    ]
  }
}
[2026-10-06 12:15:01,075] INFO - 📥 WhatsApp Meta API Response (200): {"messaging_product":"whatsapp","contacts":[{"input":"911234567890","wa_id":"911234567890"}],"messages":[{"id":"wamid.HBgMOTExMjM0NTY3ODkwFQIAERgSNzJBMDZENkRBRURBNkE4NkEwAA==","message_status":"accepted"}]}
[2026-10-06 12:15:12,088] INFO - 📤 Outgoing WhatsApp Payload:
{
  "messaging_product": "whatsapp",
  "to": "911234567890",
  "type": "template",
  "template": {
    "name": "menukit_order_created",
    "language": {
      "code": "en"
    },
    "components": [
      {
        "type": "body",
        "parameters": [
          {
            "type": "text",
            "text": "Csutomer A"
          },
          {
            "type": "text",
            "text": "tEST SHOP"
          },
          {
            "type": "text",
            "text": "#3"
          },
          {
            "type": "text",
            "text": "\u20b91055.40"
          },
          {
            "type": "text",
            "text": "https://menukit.debuggerstechnologies.com/customer/"
          }
        ]
      }
    ]
  }
}
[2026-10-06 12:15:14,195] INFO - 📥 WhatsApp Meta API Response (200): {"messaging_product":"whatsapp","contacts":[{"input":"911234567890","wa_id":"911234567890"}],"messages":[{"id":"wamid.HBgMOTExMjM0NTY3ODkwFQIAERgSNTU0OUU3MUI3RDA5NkQ4QUEyAA==","message_status":"accepted"}]}
[2026-10-06 12:16:25,987] INFO - 📤 Outgoing WhatsApp Payload:
{
  "messaging_product": "whatsapp",
  "to": "911234567890",
  "type": "template",
  "template": {
    "name": "menukit_order_refund_template",
    "language": {
      "code": "en"
    },
    "components": [
      {
        "type": "body",
        "parameters": [
          {
            "type": "text",
            "text": "Csutomer A"
          },
          {
            "type": "text",
            "text": "3"
          },
          {
            "type": "text",
            "text": "tEST SHOP"
          },
          {
            "type": "text",
            "text": "Cancelled Order = Rs.1000.00"
          },
          {
            "type": "text",
            "text": "Item out of stock / Ingredients unavailable"
          },
          {
            "type": "text",
            "text": "1000"
          },
          {
            "type": "text",
            "text": "3"
          },
          {
            "type": "text",
            "text": "Online"
          },
          {
            "type": "text",
            "text": "5-7"
          }
        ]
      },
      {
        "type": "button",
        "sub_type": "url",
        "index": "0",
        "parameters": [
          {
            "type": "text",
            "text": "shop/b46f230d-7f5c-4872-8349-204aa0c645d9/order/7ced8d64-e447-4f1c-b9a7-5a7f0de78d39"
          }
        ]
      }
    ]
  }
}
[2026-10-06 12:16:27,969] INFO - 📥 WhatsApp Meta API Response (200): {"messaging_product":"whatsapp","contacts":[{"input":"911234567890","wa_id":"911234567890"}],"messages":[{"id":"wamid.HBgMOTExMjM0NTY3ODkwFQIAERgSQzIzN0Y0RUNFREJGMjk4MzZFAA==","message_status":"accepted"}]}
[2026-10-06 12:17:52,696] INFO - 📤 Outgoing WhatsApp Payload:
{
  "messaging_product": "whatsapp",
  "to": "918248692839",
  "type": "template",
  "template": {
    "name": "menukit_order_accepted_payment_required_template",
    "language": {
      "code": "en"
    },
    "components": [
      {
        "type": "body",
        "parameters": [
          {
            "type": "text",
            "text": "Sivarajan"
          },
          {
            "type": "text",
            "text": "5"
          },
          {
            "type": "text",
            "text": "tEST SHOP"
          },
          {
            "type": "text",
            "text": "\u20b94.22"
          }
        ]
      },
      {
        "type": "button",
        "sub_type": "url",
        "index": "0",
        "parameters": [
          {
            "type": "text",
            "text": "shop/b46f230d-7f5c-4872-8349-204aa0c645d9/order/f22b2c2d-c5ec-402c-86ae-0ead3ef9ac6d"
          }
        ]
      }
    ]
  }
}
[2026-10-06 12:17:54,672] INFO - 📥 WhatsApp Meta API Response (200): {"messaging_product":"whatsapp","contacts":[{"input":"918248692839","wa_id":"918248692839"}],"messages":[{"id":"wamid.HBgMOTE4MjQ4NjkyODM5FQIAERgSQTdDQUU0MzBEOEJCMTNEMTFCAA==","message_status":"accepted"}]}
[2026-10-06 12:17:57,427] INFO - 📤 Outgoing WhatsApp Payload:
{
  "messaging_product": "whatsapp",
  "to": "918248692839",
  "type": "template",
  "template": {
    "name": "menukit_order_created",
    "language": {
      "code": "en"
    },
    "components": [
      {
        "type": "body",
        "parameters": [
          {
            "type": "text",
            "text": "Sivarajan"
          },
          {
            "type": "text",
            "text": "tEST SHOP"
          },
          {
            "type": "text",
            "text": "#5"
          },
          {
            "type": "text",
            "text": "\u20b94.22"
          },
          {
            "type": "text",
            "text": "https://menukit.debuggerstechnologies.com/customer/"
          }
        ]
      }
    ]
  }
}
[2026-10-06 12:18:00,035] INFO - 📥 WhatsApp Meta API Response (200): {"messaging_product":"whatsapp","contacts":[{"input":"918248692839","wa_id":"918248692839"}],"messages":[{"id":"wamid.HBgMOTE4MjQ4NjkyODM5FQIAERgSRUMzQjZCMzQ3QkEzMzRDMTkwAA==","message_status":"accepted"}]}
[2026-10-06 12:18:25,948] INFO - 📤 Outgoing WhatsApp Payload:
{
  "messaging_product": "whatsapp",
  "to": "918248692839",
  "type": "template",
  "template": {
    "name": "menukit_order_refund_template",
    "language": {
      "code": "en"
    },
    "components": [
      {
        "type": "body",
        "parameters": [
          {
            "type": "text",
            "text": "Sivarajan"
          },
          {
            "type": "text",
            "text": "5"
          },
          {
            "type": "text",
            "text": "tEST SHOP"
          },
          {
            "type": "text",
            "text": "Cancelled Order = Rs.4.00"
          },
          {
            "type": "text",
            "text": "Item out of stock / Ingredients unavailable"
          },
          {
            "type": "text",
            "text": "4"
          },
          {
            "type": "text",
            "text": "5"
          },
          {
            "type": "text",
            "text": "Online"
          },
          {
            "type": "text",
            "text": "5-7"
          }
        ]
      },
      {
        "type": "button",
        "sub_type": "url",
        "index": "0",
        "parameters": [
          {
            "type": "text",
            "text": "shop/b46f230d-7f5c-4872-8349-204aa0c645d9/order/f22b2c2d-c5ec-402c-86ae-0ead3ef9ac6d"
          }
        ]
      }
    ]
  }
}
[2026-10-06 12:18:27,927] INFO - 📥 WhatsApp Meta API Response (200): {"messaging_product":"whatsapp","contacts":[{"input":"918248692839","wa_id":"918248692839"}],"messages":[{"id":"wamid.HBgMOTE4MjQ4NjkyODM5FQIAERgSQjFCMjExQkM0NTFBNjk4RURGAA==","message_status":"accepted"}]}
[2026-10-06 12:21:38,276] INFO - 📤 Outgoing WhatsApp Payload:
{
  "messaging_product": "whatsapp",
  "to": "918248692839",
  "type": "template",
  "template": {
    "name": "menukit_order_accepted_payment_required_template",
    "language": {
      "code": "en"
    },
    "components": [
      {
        "type": "body",
        "parameters": [
          {
            "type": "text",
            "text": "Sivarajan"
          },
          {
            "type": "text",
            "text": "6"
          },
          {
            "type": "text",
            "text": "tEST SHOP"
          },
          {
            "type": "text",
            "text": "\u20b95.28"
          }
        ]
      },
      {
        "type": "button",
        "sub_type": "url",
        "index": "0",
        "parameters": [
          {
            "type": "text",
            "text": "shop/b46f230d-7f5c-4872-8349-204aa0c645d9/order/7be6c46a-f692-47ce-8d06-02495914c66a"
          }
        ]
      }
    ]
  }
}
[2026-10-06 12:21:40,228] INFO - 📥 WhatsApp Meta API Response (200): {"messaging_product":"whatsapp","contacts":[{"input":"918248692839","wa_id":"918248692839"}],"messages":[{"id":"wamid.HBgMOTE4MjQ4NjkyODM5FQIAERgSRjcxOUNFQTlCOUFGMzA2MTQ4AA==","message_status":"accepted"}]}
[2026-10-06 12:21:41,916] INFO - 📤 Outgoing WhatsApp Payload:
{
  "messaging_product": "whatsapp",
  "to": "918248692839",
  "type": "template",
  "template": {
    "name": "menukit_order_created",
    "language": {
      "code": "en"
    },
    "components": [
      {
        "type": "body",
        "parameters": [
          {
            "type": "text",
            "text": "Sivarajan"
          },
          {
            "type": "text",
            "text": "tEST SHOP"
          },
          {
            "type": "text",
            "text": "#6"
          },
          {
            "type": "text",
            "text": "\u20b95.28"
          },
          {
            "type": "text",
            "text": "https://menukit.debuggerstechnologies.com/customer/"
          }
        ]
      }
    ]
  }
}
[2026-10-06 12:21:43,352] INFO - 📥 WhatsApp Meta API Response (200): {"messaging_product":"whatsapp","contacts":[{"input":"918248692839","wa_id":"918248692839"}],"messages":[{"id":"wamid.HBgMOTE4MjQ4NjkyODM5FQIAERgSMDgwQkEwRUVFQzFGMkIzQkU4AA==","message_status":"accepted"}]}
[2026-10-06 12:54:02,862] INFO - 📤 Outgoing WhatsApp Payload:
{
  "messaging_product": "whatsapp",
  "to": "918248692839",
  "type": "template",
  "template": {
    "name": "menukit_order_accepted_payment_required_template",
    "language": {
      "code": "en"
    },
    "components": [
      {
        "type": "body",
        "parameters": [
          {
            "type": "text",
            "text": "Siva Rajan"
          },
          {
            "type": "text",
            "text": "2"
          },
          {
            "type": "text",
            "text": "Siva Crackers"
          },
          {
            "type": "text",
            "text": "\u20b955.41"
          }
        ]
      },
      {
        "type": "button",
        "sub_type": "url",
        "index": "0",
        "parameters": [
          {
            "type": "text",
            "text": "shop/d35dc89f-5d77-40b5-84d1-ae257ae630b1/order/fafa9a4f-5635-4393-8574-9e354c181d56"
          }
        ]
      }
    ]
  }
}
[2026-10-06 12:54:04,433] INFO - 📥 WhatsApp Meta API Response (200): {"messaging_product":"whatsapp","contacts":[{"input":"918248692839","wa_id":"918248692839"}],"messages":[{"id":"wamid.HBgMOTE4MjQ4NjkyODM5FQIAERgSMDdFNDRFRDJCRURCMDlFQjY2AA==","message_status":"accepted"}]}
[2026-10-06 12:54:09,989] INFO - 📤 Outgoing WhatsApp Payload:
{
  "messaging_product": "whatsapp",
  "to": "918248692839",
  "type": "template",
  "template": {
    "name": "menukit_order_created",
    "language": {
      "code": "en"
    },
    "components": [
      {
        "type": "body",
        "parameters": [
          {
            "type": "text",
            "text": "Siva Rajan"
          },
          {
            "type": "text",
            "text": "Siva Crackers"
          },
          {
            "type": "text",
            "text": "#2"
          },
          {
            "type": "text",
            "text": "\u20b955.41"
          },
          {
            "type": "text",
            "text": "https://menukit.debuggerstechnologies.com/customer/"
          }
        ]
      }
    ]
  }
}
[2026-10-06 12:54:11,948] INFO - 📥 WhatsApp Meta API Response (200): {"messaging_product":"whatsapp","contacts":[{"input":"918248692839","wa_id":"918248692839"}],"messages":[{"id":"wamid.HBgMOTE4MjQ4NjkyODM5FQIAERgSMjZBNkQxMDFEOUY1MkVENjIyAA==","message_status":"accepted"}]}
[2026-10-07 23:12:54,403] INFO - 📤 Outgoing WhatsApp Payload:
{
  "messaging_product": "whatsapp",
  "to": "918248692839",
  "type": "template",
  "template": {
    "name": "menukit_order_created",
    "language": {
      "code": "en"
    },
    "components": [
      {
        "type": "body",
        "parameters": [
          {
            "type": "text",
            "text": "Sivarajan"
          },
          {
            "type": "text",
            "text": "Siva Hotel"
          },
          {
            "type": "text",
            "text": "#5"
          },
          {
            "type": "text",
            "text": "\u20b95.00"
          },
          {
            "type": "text",
            "text": "https://menukit.debuggerstechnologies.com/customer/"
          }
        ]
      }
    ]
  }
}
[2026-10-07 23:12:56,117] ERROR - WhatsApp API Error (401): {"error":{"message":"Authentication Error","code":190,"type":"OAuthException","fbtrace_id":"AwJ5C20TG-orj5QjCXCo-5x"}}
[2026-10-07 23:14:56,000] INFO - 📤 Outgoing WhatsApp Payload:
{
  "messaging_product": "whatsapp",
  "to": "918248692839",
  "type": "template",
  "template": {
    "name": "menukit_order_accepted_payment_required_template",
    "language": {
      "code": "en"
    },
    "components": [
      {
        "type": "body",
        "parameters": [
          {
            "type": "text",
            "text": "Sivarajan"
          },
          {
            "type": "text",
            "text": "6"
          },
          {
            "type": "text",
            "text": "Siva Hotel"
          },
          {
            "type": "text",
            "text": "\u20b95.00"
          }
        ]
      },
      {
        "type": "button",
        "sub_type": "url",
        "index": "0",
        "parameters": [
          {
            "type": "text",
            "text": "shop/50ad42ed-b9ff-446b-9f4c-7c15183ca84a/order/9a018a12-ecff-468b-ad85-694d5ac9dffd"
          }
        ]
      }
    ]
  }
}
[2026-10-07 23:15:04,889] INFO - 📤 Outgoing WhatsApp Payload:
{
  "messaging_product": "whatsapp",
  "to": "918248692839",
  "type": "template",
  "template": {
    "name": "menukit_order_created",
    "language": {
      "code": "en"
    },
    "components": [
      {
        "type": "body",
        "parameters": [
          {
            "type": "text",
            "text": "Sivarajan"
          },
          {
            "type": "text",
            "text": "Siva Hotel"
          },
          {
            "type": "text",
            "text": "#6"
          },
          {
            "type": "text",
            "text": "\u20b95.28"
          },
          {
            "type": "text",
            "text": "https://menukit.debuggerstechnologies.com/customer/"
          }
        ]
      }
    ]
  }
}
[2026-10-07 23:15:23,064] ERROR - WhatsApp Request Error: ('Connection aborted.', ConnectionResetError(10054, 'An existing connection was forcibly closed by the remote host', None, 10054, None))
[2026-10-07 23:15:30,552] ERROR - WhatsApp Request Error: ('Connection aborted.', ConnectionResetError(10054, 'An existing connection was forcibly closed by the remote host', None, 10054, None))
[2026-10-07 23:19:01,636] INFO - 📤 Outgoing WhatsApp Payload:
{
  "messaging_product": "whatsapp",
  "to": "918248692839",
  "type": "template",
  "template": {
    "name": "menukit_order_created",
    "language": {
      "code": "en"
    },
    "components": [
      {
        "type": "body",
        "parameters": [
          {
            "type": "text",
            "text": "Sivarajan"
          },
          {
            "type": "text",
            "text": "Siva Hotel"
          },
          {
            "type": "text",
            "text": "#7"
          },
          {
            "type": "text",
            "text": "\u20b96.33"
          },
          {
            "type": "text",
            "text": "https://menukit.debuggerstechnologies.com/customer/"
          }
        ]
      }
    ]
  }
}
[2026-10-07 23:19:38,258] ERROR - WhatsApp API Error (401): {"error":{"message":"Authentication Error","code":190,"type":"OAuthException","fbtrace_id":"AHaPdh7hEhgAJvRVJiq0L7a"}}
[2026-10-07 23:19:38,910] INFO - 📤 Outgoing WhatsApp Payload:
{
  "messaging_product": "whatsapp",
  "to": "918248692839",
  "type": "template",
  "template": {
    "name": "menukit_order_refund_template",
    "language": {
      "code": "en"
    },
    "components": [
      {
        "type": "body",
        "parameters": [
          {
            "type": "text",
            "text": "Sivarajan"
          },
          {
            "type": "text",
            "text": "7"
          },
          {
            "type": "text",
            "text": "Siva Hotel"
          },
          {
            "type": "text",
            "text": "Test Wala ahhh x 1 = \u20b95"
          },
          {
            "type": "text",
            "text": "Customer cancelled request"
          },
          {
            "type": "text",
            "text": "5"
          },
          {
            "type": "text",
            "text": "7"
          },
          {
            "type": "text",
            "text": "Online"
          },
          {
            "type": "text",
            "text": "5-7"
          }
        ]
      },
      {
        "type": "button",
        "sub_type": "url",
        "index": "0",
        "parameters": [
          {
            "type": "text",
            "text": "shop/50ad42ed-b9ff-446b-9f4c-7c15183ca84a/order/587ae907-061c-43ad-a84f-91641d8a3a68"
          }
        ]
      }
    ]
  }
}
[2026-10-07 23:20:17,966] ERROR - WhatsApp API Error (401): {"error":{"message":"Authentication Error","code":190,"type":"OAuthException","fbtrace_id":"AbGobawgcAzTviXCUiip92y"}}
[2026-10-07 23:22:38,948] INFO - 📤 Outgoing WhatsApp Payload:
{
  "messaging_product": "whatsapp",
  "to": "918248692839",
  "type": "template",
  "template": {
    "name": "menukit_order_refund_template",
    "language": {
      "code": "en"
    },
    "components": [
      {
        "type": "body",
        "parameters": [
          {
            "type": "text",
            "text": "Sivarajan"
          },
          {
            "type": "text",
            "text": "7"
          },
          {
            "type": "text",
            "text": "Siva Hotel"
          },
          {
            "type": "text",
            "text": "HELLO x 1 = \u20b91"
          },
          {
            "type": "text",
            "text": "Customer cancelled request"
          },
          {
            "type": "text",
            "text": "1"
          },
          {
            "type": "text",
            "text": "7"
          },
          {
            "type": "text",
            "text": "Online"
          },
          {
            "type": "text",
            "text": "5-7"
          }
        ]
      },
      {
        "type": "button",
        "sub_type": "url",
        "index": "0",
        "parameters": [
          {
            "type": "text",
            "text": "shop/50ad42ed-b9ff-446b-9f4c-7c15183ca84a/order/587ae907-061c-43ad-a84f-91641d8a3a68"
          }
        ]
      }
    ]
  }
}
[2026-10-07 23:22:51,029] ERROR - WhatsApp Request Error: HTTPSConnectionPool(host='graph.facebook.com', port=443): Max retries exceeded with url: /v23.0/1209211872274267/messages (Caused by NameResolutionError("HTTPSConnection(host='graph.facebook.com', port=443): Failed to resolve 'graph.facebook.com' ([Errno 11001] getaddrinfo failed)"))
[2026-10-07 23:29:15,521] INFO - 📤 Outgoing WhatsApp Payload:
{
  "messaging_product": "whatsapp",
  "to": "918248692839",
  "type": "template",
  "template": {
    "name": "menukit_order_created",
    "language": {
      "code": "en"
    },
    "components": [
      {
        "type": "body",
        "parameters": [
          {
            "type": "text",
            "text": "Sivarajan"
          },
          {
            "type": "text",
            "text": "Siva Hotel"
          },
          {
            "type": "text",
            "text": "#8"
          },
          {
            "type": "text",
            "text": "\u20b91.05"
          },
          {
            "type": "text",
            "text": "https://menukit.debuggerstechnologies.com/customer/"
          }
        ]
      }
    ]
  }
}
[2026-10-07 23:29:16,858] ERROR - WhatsApp API Error (401): {"error":{"message":"Authentication Error","code":190,"type":"OAuthException","fbtrace_id":"A3BIRlb5hGIujgKd6b1FkRu"}}
[2026-10-07 23:31:15,152] INFO - 📤 Outgoing WhatsApp Payload:
{
  "messaging_product": "whatsapp",
  "to": "918248692839",
  "type": "template",
  "template": {
    "name": "menukit_order_refund_template",
    "language": {
      "code": "en"
    },
    "components": [
      {
        "type": "body",
        "parameters": [
          {
            "type": "text",
            "text": "Sivarajan"
          },
          {
            "type": "text",
            "text": "8"
          },
          {
            "type": "text",
            "text": "Siva Hotel"
          },
          {
            "type": "text",
            "text": "Cancelled Order = Rs.1.00"
          },
          {
            "type": "text",
            "text": "Item out of stock / Ingredients unavailable"
          },
          {
            "type": "text",
            "text": "1"
          },
          {
            "type": "text",
            "text": "8"
          },
          {
            "type": "text",
            "text": "Online"
          },
          {
            "type": "text",
            "text": "5-7"
          }
        ]
      },
      {
        "type": "button",
        "sub_type": "url",
        "index": "0",
        "parameters": [
          {
            "type": "text",
            "text": "shop/50ad42ed-b9ff-446b-9f4c-7c15183ca84a/order/8e10aa32-0df5-460a-8ce9-cda53ed24e60"
          }
        ]
      }
    ]
  }
}
[2026-10-07 23:31:30,132] ERROR - WhatsApp API Error (401): {"error":{"message":"Authentication Error","code":190,"type":"OAuthException","fbtrace_id":"A15Axszf34o26x7tzlRYvvh"}}
[2026-10-07 23:32:23,118] INFO - 📤 Outgoing WhatsApp Payload:
{
  "messaging_product": "whatsapp",
  "to": "918248692839",
  "type": "template",
  "template": {
    "name": "menukit_order_created",
    "language": {
      "code": "en"
    },
    "components": [
      {
        "type": "body",
        "parameters": [
          {
            "type": "text",
            "text": "Sivarajan"
          },
          {
            "type": "text",
            "text": "Siva Hotel"
          },
          {
            "type": "text",
            "text": "#9"
          },
          {
            "type": "text",
            "text": "\u20b95.28"
          },
          {
            "type": "text",
            "text": "https://menukit.debuggerstechnologies.com/customer/"
          }
        ]
      }
    ]
  }
}
[2026-10-07 23:32:24,525] ERROR - WhatsApp API Error (401): {"error":{"message":"Authentication Error","code":190,"type":"OAuthException","fbtrace_id":"ALMCZrR5fT2WigLHfYo9h6g"}}
[2026-10-07 23:58:13,132] INFO - 📤 Outgoing WhatsApp Payload:
{
  "messaging_product": "whatsapp",
  "to": "918248692839",
  "type": "template",
  "template": {
    "name": "menukit_order_created",
    "language": {
      "code": "en"
    },
    "components": [
      {
        "type": "body",
        "parameters": [
          {
            "type": "text",
            "text": "Sivarajan"
          },
          {
            "type": "text",
            "text": "Siva Hotel"
          },
          {
            "type": "text",
            "text": "#10"
          },
          {
            "type": "text",
            "text": "\u20b95.28"
          },
          {
            "type": "text",
            "text": "https://menukit.debuggerstechnologies.com/customer/"
          }
        ]
      }
    ]
  }
}
[2026-10-07 23:58:15,641] INFO - 📥 WhatsApp Meta API Response (200): {"messaging_product":"whatsapp","contacts":[{"input":"918248692839","wa_id":"918248692839"}],"messages":[{"id":"wamid.HBgMOTE4MjQ4NjkyODM5FQIAERgSNUYwMEE3MUQ5OTY0QzZBQTFEAA==","message_status":"accepted"}]}
[2026-10-07 23:58:37,624] INFO - 📤 Outgoing WhatsApp Payload:
{
  "messaging_product": "whatsapp",
  "to": "918248692839",
  "type": "template",
  "template": {
    "name": "menukit_order_refund_template",
    "language": {
      "code": "en"
    },
    "components": [
      {
        "type": "body",
        "parameters": [
          {
            "type": "text",
            "text": "Sivarajan"
          },
          {
            "type": "text",
            "text": "10"
          },
          {
            "type": "text",
            "text": "Siva Hotel"
          },
          {
            "type": "text",
            "text": "Cancelled Order = Rs.5.00"
          },
          {
            "type": "text",
            "text": "Item out of stock / Ingredients unavailable"
          },
          {
            "type": "text",
            "text": "5"
          },
          {
            "type": "text",
            "text": "10"
          },
          {
            "type": "text",
            "text": "Online"
          },
          {
            "type": "text",
            "text": "5-7"
          }
        ]
      },
      {
        "type": "button",
        "sub_type": "url",
        "index": "0",
        "parameters": [
          {
            "type": "text",
            "text": "shop/50ad42ed-b9ff-446b-9f4c-7c15183ca84a/order/f7afaf82-5ab4-4e56-9261-bddac7885f64"
          }
        ]
      }
    ]
  }
}
[2026-10-07 23:58:39,600] INFO - 📥 WhatsApp Meta API Response (200): {"messaging_product":"whatsapp","contacts":[{"input":"918248692839","wa_id":"918248692839"}],"messages":[{"id":"wamid.HBgMOTE4MjQ4NjkyODM5FQIAERgSRDM3RDZFODVGQTU3QjM1ODgxAA==","message_status":"accepted"}]}
[2026-10-07 23:59:19,623] INFO - 📤 Outgoing WhatsApp Payload:
{
  "messaging_product": "whatsapp",
  "to": "918248692839",
  "type": "template",
  "template": {
    "name": "menukit_order_created",
    "language": {
      "code": "en"
    },
    "components": [
      {
        "type": "body",
        "parameters": [
          {
            "type": "text",
            "text": "Sivarajan"
          },
          {
            "type": "text",
            "text": "Siva Hotel"
          },
          {
            "type": "text",
            "text": "#11"
          },
          {
            "type": "text",
            "text": "\u20b95.28"
          },
          {
            "type": "text",
            "text": "https://menukit.debuggerstechnologies.com/customer/"
          }
        ]
      }
    ]
  }
}
[2026-10-07 23:59:21,924] INFO - 📥 WhatsApp Meta API Response (200): {"messaging_product":"whatsapp","contacts":[{"input":"918248692839","wa_id":"918248692839"}],"messages":[{"id":"wamid.HBgMOTE4MjQ4NjkyODM5FQIAERgSRTAxQkQ5NjFBREIxQ0Y2MTQ1AA==","message_status":"accepted"}]}
[2026-10-08 00:02:28,132] INFO - 📤 Outgoing WhatsApp Payload:
{
  "messaging_product": "whatsapp",
  "to": "918248692839",
  "type": "template",
  "template": {
    "name": "menukit_order_created",
    "language": {
      "code": "en"
    },
    "components": [
      {
        "type": "body",
        "parameters": [
          {
            "type": "text",
            "text": "Sivarajan"
          },
          {
            "type": "text",
            "text": "Siva Hotel"
          },
          {
            "type": "text",
            "text": "#1"
          },
          {
            "type": "text",
            "text": "\u20b95.28"
          },
          {
            "type": "text",
            "text": "https://menukit.debuggerstechnologies.com/customer/"
          }
        ]
      }
    ]
  }
}
[2026-10-08 00:02:37,076] INFO - 📥 WhatsApp Meta API Response (200): {"messaging_product":"whatsapp","contacts":[{"input":"918248692839","wa_id":"918248692839"}],"messages":[{"id":"wamid.HBgMOTE4MjQ4NjkyODM5FQIAERgSQzc5RDc1NEJDNzBCNzMzQjg2AA==","message_status":"accepted"}]}
[2026-10-08 00:02:45,561] INFO - 📤 Outgoing WhatsApp Payload:
{
  "messaging_product": "whatsapp",
  "to": "918248692839",
  "type": "template",
  "template": {
    "name": "menukit_order_created",
    "language": {
      "code": "en"
    },
    "components": [
      {
        "type": "body",
        "parameters": [
          {
            "type": "text",
            "text": "Sivarajan"
          },
          {
            "type": "text",
            "text": "Siva Hotel"
          },
          {
            "type": "text",
            "text": "#2"
          },
          {
            "type": "text",
            "text": "\u20b93.17"
          },
          {
            "type": "text",
            "text": "https://menukit.debuggerstechnologies.com/customer/"
          }
        ]
      }
    ]
  }
}
[2026-10-08 00:02:47,442] INFO - 📥 WhatsApp Meta API Response (200): {"messaging_product":"whatsapp","contacts":[{"input":"918248692839","wa_id":"918248692839"}],"messages":[{"id":"wamid.HBgMOTE4MjQ4NjkyODM5FQIAERgSNjY1QzhERDlFNTE2QkQ5NjVCAA==","message_status":"accepted"}]}
[2026-10-08 00:03:17,319] INFO - 📤 Outgoing WhatsApp Payload:
{
  "messaging_product": "whatsapp",
  "to": "918248692839",
  "type": "template",
  "template": {
    "name": "menukit_order_refund_template",
    "language": {
      "code": "en"
    },
    "components": [
      {
        "type": "body",
        "parameters": [
          {
            "type": "text",
            "text": "Sivarajan"
          },
          {
            "type": "text",
            "text": "2"
          },
          {
            "type": "text",
            "text": "Siva Hotel"
          },
          {
            "type": "text",
            "text": "Cancelled Order = Rs.3.00"
          },
          {
            "type": "text",
            "text": "Item out of stock / Ingredients unavailable"
          },
          {
            "type": "text",
            "text": "3"
          },
          {
            "type": "text",
            "text": "2"
          },
          {
            "type": "text",
            "text": "Online"
          },
          {
            "type": "text",
            "text": "5-7"
          }
        ]
      },
      {
        "type": "button",
        "sub_type": "url",
        "index": "0",
        "parameters": [
          {
            "type": "text",
            "text": "shop/50ad42ed-b9ff-446b-9f4c-7c15183ca84a/order/32a35a89-ac2e-40ab-84f9-e73a0eb55990"
          }
        ]
      }
    ]
  }
}
[2026-10-08 00:03:23,996] INFO - 📥 WhatsApp Meta API Response (200): {"messaging_product":"whatsapp","contacts":[{"input":"918248692839","wa_id":"918248692839"}],"messages":[{"id":"wamid.HBgMOTE4MjQ4NjkyODM5FQIAERgSMTM0RDg1ODJDQUVEQjY1QkREAA==","message_status":"accepted"}]}
[2026-10-08 00:04:18,316] INFO - 📤 Outgoing WhatsApp Payload:
{
  "messaging_product": "whatsapp",
  "to": "918248692839",
  "type": "template",
  "template": {
    "name": "menukit_order_accepted_payment_required_template",
    "language": {
      "code": "en"
    },
    "components": [
      {
        "type": "body",
        "parameters": [
          {
            "type": "text",
            "text": "Sivarajan"
          },
          {
            "type": "text",
            "text": "27"
          },
          {
            "type": "text",
            "text": "Siva Hotel"
          },
          {
            "type": "text",
            "text": "\u20b95.28"
          }
        ]
      },
      {
        "type": "button",
        "sub_type": "url",
        "index": "0",
        "parameters": [
          {
            "type": "text",
            "text": "shop/50ad42ed-b9ff-446b-9f4c-7c15183ca84a/order/7c91ed94-7c12-4452-b832-a1b86fbe5242"
          }
        ]
      }
    ]
  }
}
[2026-10-08 00:04:22,572] INFO - 📤 Outgoing WhatsApp Payload:
{
  "messaging_product": "whatsapp",
  "to": "911234567890",
  "type": "template",
  "template": {
    "name": "menukit_order_accepted_payment_required_template",
    "language": {
      "code": "en"
    },
    "components": [
      {
        "type": "body",
        "parameters": [
          {
            "type": "text",
            "text": "Csutomer A"
          },
          {
            "type": "text",
            "text": "1"
          },
          {
            "type": "text",
            "text": "Siva Hotel"
          },
          {
            "type": "text",
            "text": "\u20b95.28"
          }
        ]
      },
      {
        "type": "button",
        "sub_type": "url",
        "index": "0",
        "parameters": [
          {
            "type": "text",
            "text": "shop/50ad42ed-b9ff-446b-9f4c-7c15183ca84a/order/50fa4ebd-6f16-4b7e-b2df-566975b94f58"
          }
        ]
      }
    ]
  }
}
[2026-10-08 00:04:23,762] INFO - 📥 WhatsApp Meta API Response (200): {"messaging_product":"whatsapp","contacts":[{"input":"918248692839","wa_id":"918248692839"}],"messages":[{"id":"wamid.HBgMOTE4MjQ4NjkyODM5FQIAERgSRTg1QjY3RDgzRkQxRjZDOTY3AA==","message_status":"accepted"}]}
[2026-10-08 00:04:27,969] INFO - 📥 WhatsApp Meta API Response (200): {"messaging_product":"whatsapp","contacts":[{"input":"911234567890","wa_id":"911234567890"}],"messages":[{"id":"wamid.HBgMOTExMjM0NTY3ODkwFQIAERgSMzdEMDdGN0JGMDIwRjc5Q0YwAA==","message_status":"accepted"}]}
[2026-10-08 00:04:31,629] INFO - 📤 Outgoing WhatsApp Payload:
{
  "messaging_product": "whatsapp",
  "to": "911234567890",
  "type": "template",
  "template": {
    "name": "menukit_order_created",
    "language": {
      "code": "en"
    },
    "components": [
      {
        "type": "body",
        "parameters": [
          {
            "type": "text",
            "text": "Csutomer A"
          },
          {
            "type": "text",
            "text": "Siva Hotel"
          },
          {
            "type": "text",
            "text": "#1"
          },
          {
            "type": "text",
            "text": "\u20b95.28"
          },
          {
            "type": "text",
            "text": "https://menukit.debuggerstechnologies.com/customer/"
          }
        ]
      }
    ]
  }
}
[2026-10-08 00:04:33,431] INFO - 📥 WhatsApp Meta API Response (200): {"messaging_product":"whatsapp","contacts":[{"input":"911234567890","wa_id":"911234567890"}],"messages":[{"id":"wamid.HBgMOTExMjM0NTY3ODkwFQIAERgSNDc3REI0MzNEOUZCRkQxMzdBAA==","message_status":"accepted"}]}
[2026-10-08 00:05:17,929] INFO - 📤 Outgoing WhatsApp Payload:
{
  "messaging_product": "whatsapp",
  "to": "918248692839",
  "type": "template",
  "template": {
    "name": "menukit_order_created",
    "language": {
      "code": "en"
    },
    "components": [
      {
        "type": "body",
        "parameters": [
          {
            "type": "text",
            "text": "Sivarajan"
          },
          {
            "type": "text",
            "text": "Siva Hotel"
          },
          {
            "type": "text",
            "text": "7B5C2877"
          },
          {
            "type": "text",
            "text": "\u20b91.05"
          },
          {
            "type": "text",
            "text": "https://menukit.debuggerstechnologies.com/customer/"
          }
        ]
      }
    ]
  }
}
[2026-10-08 00:05:19,379] INFO - 📤 Outgoing WhatsApp Payload:
{
  "messaging_product": "whatsapp",
  "to": "918248692839",
  "type": "template",
  "template": {
    "name": "menukit_order_created",
    "language": {
      "code": "en"
    },
    "components": [
      {
        "type": "body",
        "parameters": [
          {
            "type": "text",
            "text": "Sivarajan"
          },
          {
            "type": "text",
            "text": "Siva Hotel"
          },
          {
            "type": "text",
            "text": "2AD2D8B9"
          },
          {
            "type": "text",
            "text": "\u20b91.12"
          },
          {
            "type": "text",
            "text": "https://menukit.debuggerstechnologies.com/customer/"
          }
        ]
      }
    ]
  }
}
[2026-10-08 00:05:23,730] INFO - 📤 Outgoing WhatsApp Payload:
{
  "messaging_product": "whatsapp",
  "to": "918248692839",
  "type": "template",
  "template": {
    "name": "menukit_order_created",
    "language": {
      "code": "en"
    },
    "components": [
      {
        "type": "body",
        "parameters": [
          {
            "type": "text",
            "text": "Sivarajan"
          },
          {
            "type": "text",
            "text": "Siva Hotel"
          },
          {
            "type": "text",
            "text": "DB3FE83A"
          },
          {
            "type": "text",
            "text": "\u20b9169.05"
          },
          {
            "type": "text",
            "text": "https://menukit.debuggerstechnologies.com/customer/"
          }
        ]
      }
    ]
  }
}
[2026-10-08 00:05:27,581] INFO - 📥 WhatsApp Meta API Response (200): {"messaging_product":"whatsapp","contacts":[{"input":"918248692839","wa_id":"918248692839"}],"messages":[{"id":"wamid.HBgMOTE4MjQ4NjkyODM5FQIAERgSOTY2MjExQjhGNzhBMkUyQzE4AA==","message_status":"accepted"}]}
[2026-10-08 00:05:27,586] INFO - 📥 WhatsApp Meta API Response (200): {"messaging_product":"whatsapp","contacts":[{"input":"918248692839","wa_id":"918248692839"}],"messages":[{"id":"wamid.HBgMOTE4MjQ4NjkyODM5FQIAERgSNTBGMTNFRjcxNTc5MTMzQ0ExAA==","message_status":"accepted"}]}
[2026-10-08 00:05:30,261] INFO - 📤 Outgoing WhatsApp Payload:
{
  "messaging_product": "whatsapp",
  "to": "918248692839",
  "type": "template",
  "template": {
    "name": "menukit_order_created",
    "language": {
      "code": "en"
    },
    "components": [
      {
        "type": "body",
        "parameters": [
          {
            "type": "text",
            "text": "Sivarajan"
          },
          {
            "type": "text",
            "text": "Siva Hotel"
          },
          {
            "type": "text",
            "text": "9E01F913"
          },
          {
            "type": "text",
            "text": "\u20b9805.00"
          },
          {
            "type": "text",
            "text": "https://menukit.debuggerstechnologies.com/customer/"
          }
        ]
      }
    ]
  }
}
[2026-10-08 00:05:30,329] INFO - 📥 WhatsApp Meta API Response (200): {"messaging_product":"whatsapp","contacts":[{"input":"918248692839","wa_id":"918248692839"}],"messages":[{"id":"wamid.HBgMOTE4MjQ4NjkyODM5FQIAERgSQUM5MkI0MTQ0RTYwMzQ2RTAwAA==","message_status":"accepted"}]}
[2026-10-08 00:05:32,708] INFO - 📥 WhatsApp Meta API Response (200): {"messaging_product":"whatsapp","contacts":[{"input":"918248692839","wa_id":"918248692839"}],"messages":[{"id":"wamid.HBgMOTE4MjQ4NjkyODM5FQIAERgSOTdGRkM4NkZBQjM2RDczRjMwAA==","message_status":"accepted"}]}
[2026-10-08 00:05:51,126] INFO - 📤 Outgoing WhatsApp Payload:
{
  "messaging_product": "whatsapp",
  "to": "918248692839",
  "type": "template",
  "template": {
    "name": "menukit_order_created",
    "language": {
      "code": "en"
    },
    "components": [
      {
        "type": "body",
        "parameters": [
          {
            "type": "text",
            "text": "Sivarajan"
          },
          {
            "type": "text",
            "text": "Siva Hotel"
          },
          {
            "type": "text",
            "text": "#3"
          },
          {
            "type": "text",
            "text": "\u20b95.28"
          },
          {
            "type": "text",
            "text": "https://menukit.debuggerstechnologies.com/customer/"
          }
        ]
      }
    ]
  }
}
[2026-10-08 00:05:53,047] INFO - 📥 WhatsApp Meta API Response (200): {"messaging_product":"whatsapp","contacts":[{"input":"918248692839","wa_id":"918248692839"}],"messages":[{"id":"wamid.HBgMOTE4MjQ4NjkyODM5FQIAERgSRDdBRkZCMDBBRjc5Nzk5MjNBAA==","message_status":"accepted"}]}
[2026-10-08 00:35:45,901] INFO - 📤 Outgoing WhatsApp Payload:
{
  "messaging_product": "whatsapp",
  "to": "918248692839",
  "type": "template",
  "template": {
    "name": "menukit_order_accepted_payment_required_template",
    "language": {
      "code": "en"
    },
    "components": [
      {
        "type": "body",
        "parameters": [
          {
            "type": "text",
            "text": "Sivarajan"
          },
          {
            "type": "text",
            "text": "6"
          },
          {
            "type": "text",
            "text": "Siva Hotel"
          },
          {
            "type": "text",
            "text": "\u20b91.05"
          }
        ]
      },
      {
        "type": "button",
        "sub_type": "url",
        "index": "0",
        "parameters": [
          {
            "type": "text",
            "text": "shop/50ad42ed-b9ff-446b-9f4c-7c15183ca84a/order/722eb581-0f62-402b-97ac-c6882a9e0785"
          }
        ]
      }
    ]
  }
}
[2026-10-08 00:35:47,868] INFO - 📥 WhatsApp Meta API Response (200): {"messaging_product":"whatsapp","contacts":[{"input":"918248692839","wa_id":"918248692839"}],"messages":[{"id":"wamid.HBgMOTE4MjQ4NjkyODM5FQIAERgSRDVCMkFDMDg5RTgxMDc0NTc3AA==","message_status":"accepted"}]}
[2026-10-08 00:38:46,473] INFO - 📤 Outgoing WhatsApp Payload:
{
  "messaging_product": "whatsapp",
  "to": "918248692839",
  "type": "template",
  "template": {
    "name": "menukit_order_created",
    "language": {
      "code": "en"
    },
    "components": [
      {
        "type": "body",
        "parameters": [
          {
            "type": "text",
            "text": "Sivarajan"
          },
          {
            "type": "text",
            "text": "Siva Hotel"
          },
          {
            "type": "text",
            "text": "#7"
          },
          {
            "type": "text",
            "text": "\u20b91.05"
          },
          {
            "type": "text",
            "text": "https://menukit.debuggerstechnologies.com/customer/"
          }
        ]
      }
    ]
  }
}
[2026-10-08 00:39:01,943] INFO - 📥 WhatsApp Meta API Response (200): {"messaging_product":"whatsapp","contacts":[{"input":"918248692839","wa_id":"918248692839"}],"messages":[{"id":"wamid.HBgMOTE4MjQ4NjkyODM5FQIAERgSNUFGQTNFREUwOTBCQzcxOUE5AA==","message_status":"accepted"}]}
[2026-10-08 00:39:31,993] INFO - 📤 Outgoing WhatsApp Payload:
{
  "messaging_product": "whatsapp",
  "to": "918248692839",
  "type": "template",
  "template": {
    "name": "menukit_order_refund_template",
    "language": {
      "code": "en"
    },
    "components": [
      {
        "type": "body",
        "parameters": [
          {
            "type": "text",
            "text": "Sivarajan"
          },
          {
            "type": "text",
            "text": "7"
          },
          {
            "type": "text",
            "text": "Siva Hotel"
          },
          {
            "type": "text",
            "text": "Cancelled Order = Rs.1.00"
          },
          {
            "type": "text",
            "text": "Item out of stock / Ingredients unavailable"
          },
          {
            "type": "text",
            "text": "1"
          },
          {
            "type": "text",
            "text": "7"
          },
          {
            "type": "text",
            "text": "Online"
          },
          {
            "type": "text",
            "text": "5-7"
          }
        ]
      },
      {
        "type": "button",
        "sub_type": "url",
        "index": "0",
        "parameters": [
          {
            "type": "text",
            "text": "shop/50ad42ed-b9ff-446b-9f4c-7c15183ca84a/order/2303eda7-e3f2-4e3b-9d3d-91c2295b8b25"
          }
        ]
      }
    ]
  }
}
[2026-10-08 00:39:43,076] INFO - 📥 WhatsApp Meta API Response (200): {"messaging_product":"whatsapp","contacts":[{"input":"918248692839","wa_id":"918248692839"}],"messages":[{"id":"wamid.HBgMOTE4MjQ4NjkyODM5FQIAERgSODcwMjc1MDRGNUM3MzM5NzhFAA==","message_status":"accepted"}]}
[2026-10-08 00:42:28,117] INFO - 📤 Outgoing WhatsApp Payload:
{
  "messaging_product": "whatsapp",
  "to": "918248692839",
  "type": "template",
  "template": {
    "name": "menukit_order_created",
    "language": {
      "code": "en"
    },
    "components": [
      {
        "type": "body",
        "parameters": [
          {
            "type": "text",
            "text": "Sivarajan"
          },
          {
            "type": "text",
            "text": "Siva Hotel"
          },
          {
            "type": "text",
            "text": "#8"
          },
          {
            "type": "text",
            "text": "\u20b91.05"
          },
          {
            "type": "text",
            "text": "https://menukit.debuggerstechnologies.com/customer/"
          }
        ]
      }
    ]
  }
}
[2026-10-08 00:42:29,886] INFO - 📥 WhatsApp Meta API Response (200): {"messaging_product":"whatsapp","contacts":[{"input":"918248692839","wa_id":"918248692839"}],"messages":[{"id":"wamid.HBgMOTE4MjQ4NjkyODM5FQIAERgSREIyNTcxNkE5MzVFMkE1QUNGAA==","message_status":"accepted"}]}
